feature,importance_split,importance_gain,importance_gain_norm
cos_elem_2219,74,644.0174075067043,0.013403045933655065
cos_elem_1816,19,27.679279379546642,0.0005760506604484492
euc_elem_635,41,169.9149930179119,0.003536206365993368
euc_elem_1633,53,294.117314517498,0.006121057956527769
cos_elem_635,53,160.3211603462696,0.003336543160497663
cos_elem_1926,64,233.99832771718502,0.004869884413425972
euc_elem_1183,56,296.8371064513922,0.0061776612343197425
euc_elem_94,19,48.81021708250046,0.0010158197184780573
euc_elem_722,52,134.76340854167938,0.002804644926994848
cos_elem_430,26,129.98486223816872,0.0027051956343895323
euc_elem_430,17,66.47710570693016,0.0013834963014057236
euc_elem_2930,15,13.43345607817173,0.0002795719910126795
euc_elem_2717,54,176.91718745231628,0.003681933379808175
euc_elem_2860,24,43.24268999695778,0.0008999504571900845
euc_elem_2219,42,267.2179175019264,0.005561237911937474
cos_elem_814,37,179.40705536305904,0.003733751566067483
cos_elem_2450,35,115.70594447851181,0.0024080282156446094
cos_elem_2840,53,217.283823877573,0.004522028501288626
cos_elem_202,36,120.29210236668587,0.002503473593545441
euc_elem_3172,44,173.42807149887085,0.0036093192224161776
euc_elem_799,53,141.8332343697548,0.0029517794597142127
cos_elem_881,23,61.54744374752045,0.001280902047105738
cos_elem_2292,15,204.34354081749916,0.0042527202400102024
euc_elem_1567,40,93.32100144028664,0.0019421612743687078
euc_elem_2869,69,177.35321731865406,0.003691007867949103
cos_elem_3106,10,18.35683561861515,0.0003820354979927976
cos_elem_963,17,132.84558801352978,0.0027647319738173704
euc_elem_652,37,108.7439101934433,0.002263136999620323
euc_elem_654,25,135.69324150681496,0.0028239962578704954
cos_elem_1372,18,46.75761306285858,0.0009731017024148368
cos_elem_2278,28,61.727026022970676,0.001284639445285778
cos_elem_307,41,90.68470807373524,0.001887295737079468
cos_elem_2903,7,11.898490011692047,0.00024762685962985295
cos_elem_2424,25,328.22616013884544,0.006830918310111628
cos_elem_812,19,45.470175966620445,0.0009463080500438927
euc_elem_2144,11,27.299657747149467,0.0005681501190700309
euc_elem_1926,53,231.5538206845522,0.004819010260551184
euc_elem_1754,16,19.660198092460632,0.0004091605832801412
euc_elem_3147,18,32.55468574166298,0.00067751576784308
euc_elem_3141,45,246.48246175050735,0.005129699474230495
cos_elem_1183,34,95.75619786977768,0.001992841658503513
cos_elem_2930,29,74.55122695863247,0.001551531849434509
euc_elem_1060,14,36.01503974199295,0.000749531342379622
euc_elem_2790,40,93.53511380404234,0.001946617299645247
euc_elem_1560,33,75.60132601857185,0.0015733861126441709
cos_elem_2434,43,631.2230834066868,0.013136775314873972
euc_elem_2286,18,55.05927503108978,0.001145872741503127
cos_elem_392,26,78.45986780524254,0.0016328769997280277
cos_elem_2795,11,14.04859072715044,0.0002923739399344695
cos_elem_418,20,44.07980018854141,0.0009173720768831972
cos_elem_1996,21,36.19036263227463,0.0007531800958516188
cos_elem_2489,47,162.87525113672018,0.003389697928962175
cos_elem_1752,40,114.49382776021957,0.0023828021024016174
euc_elem_1998,18,34.10775312781334,0.000709837617022938
euc_elem_1495,21,46.98255781829357,0.000977783167317008
cos_elem_2602,36,479.4065486192703,0.009977227194704718
euc_elem_2935,9,11.946832835674286,0.0002486329521404654
euc_elem_2923,24,44.33860486745834,0.0009227582216658325
euc_elem_1269,29,44.475562766194344,0.0009256085374901239
cos_elem_1920,12,16.521263986825943,0.0003438342776397145
cos_elem_2229,8,12.294099062681198,0.00025586012509810365
euc_elem_1550,25,62.19457919895649,0.0012943699845866105
cos_elem_1387,45,144.48702105134726,0.00300700906123882
euc_elem_2229,17,19.388293582946062,0.0004035018097934109
euc_elem_1802,13,18.889946043491364,0.0003931303898839797
cos_elem_577,8,9.080133080482483,0.00018897228451102176
cos_elem_2882,26,90.53455929458141,0.0018841708976567698
euc_elem_3097,21,43.022895872592926,0.0008953761852675061
cos_elem_2473,31,51.507135167717934,0.0010719469544101057
cos_elem_446,14,32.442223995923996,0.0006751752566606971
euc_elem_254,38,115.38587281107903,0.00240136700554274
cos_elem_2340,4,4.830387979745865,0.00010052820190149152
euc_elem_2395,26,57.95330739021301,0.0012061022449151274
cos_elem_892,20,35.315652795135975,0.0007349759666011727
euc_elem_2627,14,60.96147561073303,0.0012687071005693924
euc_elem_2602,16,132.85946348309517,0.0027650207448253715
euc_elem_307,31,102.34144090116024,0.002129891237917224
cos_elem_1064,7,9.518996194005013,0.0001981057371173756
euc_elem_2612,9,18.370180130004883,0.0003823132189007016
euc_elem_2538,14,59.61012814939022,0.001240583369928591
euc_elem_356,31,89.63229638338089,0.001865393344283062
euc_elem_2287,9,6.653848975896835,0.00013847738030065685
euc_elem_1401,11,12.555285841226578,0.00026129584523439624
euc_elem_1831,8,10.670709818601608,0.00022207476409235506
cos_elem_1401,17,39.971553802490234,0.0008318728118366338
euc_elem_1314,20,358.76515474915504,0.007466484278917157
cos_elem_302,12,28.700387239456177,0.000597301569802854
cos_elem_2511,46,98.30834505334496,0.0020459559773590087
cos_elem_2209,14,59.69671903550625,0.0012423854665963537
euc_elem_2489,32,74.56407341361046,0.001551799204981343
euc_elem_2795,13,17.668797850608826,0.0003677163170185127
cos_elem_2892,51,173.8781717121601,0.0036186865372793264
cos_elem_476,32,115.97146444022655,0.0024135541163449376
euc_elem_476,38,135.1700560003519,0.002813107919615642
cos_elem_472,41,178.76084250211716,0.003720302829189928
euc_elem_19,34,89.98856604099274,0.0018728078932223925
cos_elem_3001,21,36.88682025671005,0.0007676745076832666
euc_elem_2246,28,129.11569279432297,0.0026871068097021767
euc_elem_2843,12,10.213030993938446,0.00021254972604474955
euc_elem_2209,27,65.64231544733047,0.0013661229632568384
euc_elem_1064,8,10.68682998418808,0.00022241025086227028
euc_elem_2214,6,6.873076975345612,0.00014303987024627944
cos_elem_2956,18,32.39775612950325,0.0006742498082966283
cos_elem_444,57,183.11361402273178,0.003810891058559949
cos_elem_2019,13,16.731523871421814,0.00034821012658167673
cos_elem_534,25,57.09165799617767,0.0011881699246511887
euc_elem_1372,13,23.066125839948654,0.00048004345929280093
euc_elem_394,14,25.935847133398056,0.0005397670100300377
cos_elem_789,12,23.030377954244614,0.0004792994878588963
euc_elem_1152,15,18.111503899097443,0.0003769297473293046
cos_elem_2843,10,17.381551638245583,0.00036173825783300393
euc_elem_418,16,28.19597351551056,0.0005868039027634134
euc_elem_140,36,58.892557334154844,0.0012256495583807254
cos_elem_2287,14,45.2270133420825,0.0009412474417621263
euc_elem_2523,20,59.36188945174217,0.0012354171203392073
euc_elem_2353,45,104.05390867590904,0.002165530467505321
cos_elem_2627,10,39.01762235164642,0.0008120199524198102
euc_elem_789,21,36.49642288684845,0.0007595497057452402
euc_elem_133,34,66.64894536137581,0.0013870725630951012
cos_elem_2069,26,93.75158382952213,0.0019511223916830502
euc_elem_1554,19,70.18128378689289,0.001460586250176498
cos_elem_109,31,76.1319198012352,0.0015844286291324763
cos_elem_2923,21,62.21859931945801,0.0012948698822208375
cos_elem_624,32,106.6789522767067,0.00222016187893805
euc_elem_679,9,19.380487829446793,0.00040333935941322234
cos_elem_2419,17,34.768467128276825,0.0007235881461142326
cos_elem_925,11,33.9279575124383,0.0007060957788933276
cos_elem_2181,46,169.26401329040527,0.0035226584228974993
euc_elem_109,22,57.34132245182991,0.0011933658465751984
cos_elem_1022,42,111.40218891203403,0.0023184600877145817
euc_elem_1907,14,24.052767112851143,0.000500577063115636
euc_elem_967,18,68.38457106053829,0.0014231937466195773
cos_elem_800,12,19.3502838909626,0.0004027107665053875
euc_elem_1296,10,30.056450247764587,0.0006255234386179433
cos_elem_1314,19,289.26459911465645,0.006020065084768222
euc_elem_1726,9,11.865440964698792,0.000246939055403211
cos_elem_922,7,35.84723171591759,0.0007460389854102172
euc_elem_446,15,28.795739352703094,0.0005992860018055032
euc_elem_1035,30,87.6316094994545,0.0018237558079500903
euc_elem_1671,25,62.5037362575531,0.001300804043990573
euc_elem_784,28,74.75379553437233,0.0015557476297747759
euc_elem_715,16,31.94318401813507,0.0006647894259873771
euc_elem_2360,17,72.12409538030624,0.0015010193079222013
cos_elem_2474,11,47.2593335211277,0.0009835433182308897
cos_elem_1998,16,17.727886885404587,0.00036894605559127745
cos_elem_2866,11,8.197311148047447,0.00017059932941113694
euc_elem_881,11,12.465749830007553,0.00025943245574042145
euc_elem_1582,27,71.35427731275558,0.0014849981463826638
cos_elem_1554,15,26.662977933883667,0.000554899780363707
euc_elem_1732,2,2.3247910141944885,4.8382668521382944e-05
cos_elem_2889,11,12.516635000705719,0.00026049145860627536
cos_elem_110,32,70.13179087638855,0.0014595562225015503
cos_elem_1583,15,21.886835113167763,0.0004555005081303928
euc_elem_2340,6,11.148269832134247,0.00023201356189944423
euc_elem_647,13,10.249783352017403,0.00021331460217660669
cos_elem_3014,14,41.924521416425705,0.0008725172328280732
euc_elem_2569,9,18.905598908662796,0.000393456151374959
cos_elem_39,16,62.182344511151314,0.0012941153609060617
euc_elem_702,13,15.255768954753876,0.00031749727518299496
cos_elem_169,37,108.1099466830492,0.0022499431915787528
cos_elem_2812,8,19.09012421965599,0.0003972964221352459
euc_elem_812,18,35.05298426747322,0.0007295094088644507
cos_elem_2007,10,17.141960963606834,0.00035675198761727983
cos_elem_1550,12,32.68485802412033,0.0006802248639959606
cos_elem_2225,11,31.152980983257294,0.0006483440202422378
euc_elem_602,20,181.17448872327805,0.003770534718565489
euc_elem_791,7,6.9301890432834625,0.00014422846493489285
cos_elem_2869,21,60.864906787872314,0.0012666973468679016
euc_elem_577,12,15.7640760242939,0.0003280759690537435
euc_elem_2474,22,82.41513220965862,0.0017151924618168187
cos_elem_783,33,94.55714356899261,0.0019678873953375728
cos_elem_311,7,6.155071973800659,0.0001280970225776768
euc_elem_2473,30,46.664780020713806,0.0009711696963641861
cos_elem_2494,24,86.96283757686615,0.0018098375804408485
euc_elem_2292,10,50.72671702504158,0.0010557051881289045
euc_elem_384,9,10.58839499950409,0.00022036165930896756
euc_elem_2665,13,15.846879184246063,0.0003297992370017129
cos_elem_140,20,42.11694669723511,0.0008765219147627894
euc_elem_1096,15,38.32778737694025,0.0007976633686615795
cos_elem_2402,18,54.687410563230515,0.0011381336392898686
cos_elem_2470,17,66.63295930624008,0.001386739867381003
cos_elem_2400,9,17.567123383283615,0.0003656003065815968
cos_elem_2469,4,4.8577810525894165,0.00010109829614010457
euc_elem_1915,4,8.715361893177032,0.00018138080496133592
euc_elem_1912,24,49.04822298884392,0.0010207730070973086
euc_elem_800,12,17.54641903936863,0.0003651694156316253
euc_elem_1727,19,23.25646548718214,0.0004840047358128608
euc_elem_1748,39,63.72334563732147,0.0013261860916613602
cos_elem_313,26,36.361245542764664,0.0007567364461487974
cos_elem_1332,14,16.964716151356697,0.0003530632358344859
cos_elem_715,14,14.480772979557514,0.00030136835299412307
euc_elem_2461,14,95.80006854236126,0.0019937546782960286
cos_elem_1489,5,7.18216598033905,0.00014947251334447345
cos_elem_784,17,57.06670223176479,0.0011876505547508778
euc_elem_1332,12,34.67893028259277,0.0007217247392536884
euc_elem_2104,3,2.8087990283966064,5.845565967192203e-05
cos_elem_2050,17,30.371935665607452,0.0006320892014334495
cos_elem_2136,33,118.87159991264343,0.0024739106354351786
cos_elem_731,13,36.86230590939522,0.0007671643243881189
euc_elem_3190,23,51.94238531962037,0.0010810052154300424
cos_elem_94,9,13.053640723228455,0.0002716674179541334
euc_elem_1883,23,52.2884082198143,0.0010882065127417887
cos_elem_441,7,11.794985383749008,0.0002454727605845535
cos_elem_434,15,28.765541940927505,0.0005986575447290515
cos_elem_652,22,47.509074330329895,0.0009887408291960112
euc_elem_2892,26,53.47860771417618,0.0011129764930361166
euc_elem_783,15,34.41092520952225,0.0007161471193587177
cos_elem_1891,17,28.13540717959404,0.0005855434191602371
euc_elem_1129,14,22.973746608942747,0.0004781208977873885
euc_elem_1841,15,15.899026960134506,0.00033088451672773253
cos_elem_1227,18,26.62429217249155,0.000554094666975663
euc_elem_922,13,17.56803497672081,0.0003656192783183373
cos_elem_1809,12,24.32079514861107,0.000506155160901386
euc_elem_1214,8,6.448586635291576,0.00013420553834807237
cos_elem_2523,31,186.86415871977806,0.003888945971773167
cos_elem_3121,22,139.05717565119267,0.0028940051789483247
cos_elem_3021,8,7.058343544602394,0.00014689556779230189
cos_elem_3034,8,12.014038860797882,0.00025003161843620617
cos_elem_917,29,96.0087463259697,0.001998097601152517
cos_elem_974,13,18.195382058620453,0.0003786753877604689
cos_elem_1214,9,10.779646202921867,0.00022434190679047466
cos_elem_1908,11,20.681023836135864,0.00043040562133851744
euc_elem_1721,22,25.18371494859457,0.0005241139203719038
cos_elem_945,38,89.12149111926556,0.0018547626589346705
cos_elem_2216,15,30.27965970337391,0.0006301687891185455
cos_elem_2226,10,17.432516932487488,0.0003627989281996499
euc_elem_3001,17,33.00067004561424,0.0006867974239627335
euc_elem_1489,8,11.945495992898941,0.0002486051302758463
euc_elem_1173,36,165.6490367949009,0.003447424903657844
cos_elem_2886,3,1.7166749835014343,3.572678842036851e-05
euc_elem_1723,17,25.29589707404375,0.0005264486122029079
cos_elem_790,6,13.82995080947876,0.00028782368892366344
cos_elem_738,16,103.85041451454163,0.0021612954242281567
euc_elem_2423,26,48.0301693379879,0.0009995856607829057
euc_elem_945,23,60.39851516485214,0.0012569909813666769
euc_elem_3031,12,24.22873930633068,0.0005042393296394298
euc_elem_1340,5,9.327289938926697,0.0001941160192733639
cos_elem_1565,11,18.30741810798645,0.0003810070395114537
euc_elem_202,21,51.21487358212471,0.0010658645171798542
euc_elem_1996,21,43.15975120663643,0.0008982243665543321
euc_elem_723,20,70.00574361532927,0.0014569329747289015
cos_elem_1919,10,9.612007141113281,0.00020004144565862635
euc_elem_757,15,17.23849380016327,0.00035876099238545985
euc_elem_2434,22,89.88447681069374,0.001870641627654669
euc_elem_2457,21,43.05137759447098,0.0008959689360567729
cos_elem_2819,13,43.211643651127815,0.0008993043324201933
euc_elem_62,18,131.4992185384035,0.002736711843136973
euc_elem_2748,8,6.16226202249527,0.00012824665914307984
euc_elem_2446,14,20.713594764471054,0.0004310834751410543
cos_elem_1035,24,39.05563494563103,0.0008128110561031804
euc_elem_1031,22,32.44181799888611,0.0006751668072043869
cos_elem_37,15,38.152488589286804,0.0007940151168043364
cos_elem_1139,21,42.13463717699051,0.000876890082315384
euc_elem_3165,9,22.664447784423828,0.0004716838880048394
euc_elem_1417,16,15.259802997112274,0.0003175812301419723
euc_elem_2511,29,52.353629261255264,0.0010895638683102637
cos_elem_2860,21,42.997834265232086,0.0008948546126039209
euc_elem_1481,7,18.961112022399902,0.00039461146923541746
euc_elem_2419,28,50.40968111157417,0.0010491071569867453
euc_elem_534,21,44.16905850172043,0.0009192296870309268
euc_elem_2736,15,150.8948483467102,0.0031403663316690983
euc_elem_1920,15,23.54658603668213,0.0004900426146122861
euc_elem_2903,10,9.809969142079353,0.00020416135571251555
cos_elem_698,35,121.9668495208025,0.002538327795888799
euc_elem_1833,15,32.38993614912033,0.0006740870618319353
euc_elem_3030,6,85.61335253715515,0.0017817526098124132
euc_elem_1439,19,35.44627156853676,0.0007376943549541617
cos_elem_2463,21,43.80004447698593,0.0009115499071584738
cos_elem_2937,5,3.117662012577057,6.488359891071235e-05
cos_elem_954,8,9.369972139596939,0.00019500430503934573
cos_elem_2366,31,93.75129523873329,0.0019511163856410492
cos_elem_254,30,72.83317339420319,0.0015157763705109276
euc_elem_2366,34,110.02007412910461,0.002289696039250575
euc_elem_1253,4,3.430064007639885,7.138519070122458e-05
cos_elem_1619,9,6.730390056967735,0.0001400703242388907
cos_elem_1174,12,10.436522006988525,0.00021720093621198114
euc_elem_2258,24,39.87210651487112,0.0008298031526187306
euc_elem_698,31,105.6471965610981,0.0021986893704508174
cos_elem_19,30,54.05954983830452,0.0011250668401039578
cos_elem_3038,30,100.41939774155617,0.0020898904049360557
cos_elem_3031,4,3.992418050765991,8.308868967988749e-05
euc_elem_1665,15,23.130709946155548,0.00048138755920684875
cos_elem_2326,11,13.273471891880035,0.0002762424608283519
euc_elem_1984,11,8.303295016288757,0.00017280502546485727
euc_elem_2688,10,53.44141095876694,0.0011122023682756336
cos_elem_653,45,111.3744338452816,0.0023178824597960834
euc_elem_742,19,31.380009323358536,0.000653068847917935
euc_elem_731,13,36.09310472011566,0.0007511560010851052
cos_elem_491,2,1.9743080139160156,4.1088549298916564e-05
cos_elem_2644,13,16.607087910175323,0.0003456204125693767
euc_elem_2019,13,25.921698927879333,0.0005394725629448567
cos_elem_2011,7,10.649941980838776,0.00022164255173251284
cos_elem_2642,16,24.59592095017433,0.0005118809746960197
euc_elem_491,2,1.735148012638092,3.611124209377298e-05
euc_elem_1595,22,29.568202137947083,0.0006153622042062225
cos_elem_2665,20,35.82193297147751,0.0007455124775397127
cos_elem_2717,28,100.03463517129421,0.0020818828723093564
euc_elem_886,8,14.585539877414703,0.00030354872192194876
cos_elem_1506,16,21.562457866966724,0.0004487496919568101
euc_elem_2184,24,53.02153427898884,0.0011034640541245867
euc_elem_963,13,356.67046308517456,0.0074228903507687445
euc_elem_395,23,32.0995201729238,0.0006680430347241915
euc_elem_294,10,37.67997411638498,0.0007841813248744902
euc_elem_313,29,65.29593315720558,0.0013589141864582077
euc_elem_2663,12,21.581032067537308,0.00044913625117171124
euc_elem_302,16,29.529116734862328,0.0006145487736269025
cos_elem_486,27,57.070966601371765,0.0011877393031931624
euc_elem_2922,3,2.5585829615592957,5.324825782521951e-05
euc_elem_154,4,4.5943949818611145,9.561680516935064e-05
euc_elem_1493,13,17.655779227614403,0.0003674453783762441
cos_elem_1481,9,12.26013295352459,0.00025515323532166725
euc_elem_1809,24,218.09612473845482,0.004538933798604262
euc_elem_51,6,31.017987847328186,0.0006455345943160184
cos_elem_791,10,20.25827568769455,0.0004216075472711366
cos_elem_2740,5,5.066629946231842,0.00010544478007369814
cos_elem_356,16,44.2647053822875,0.0009212202536192033
euc_elem_2957,23,35.71152140200138,0.0007432146338478401
euc_elem_1174,8,11.059118032455444,0.0002301581684702681
cos_elem_2080,26,47.81906798481941,0.0009951922995162779
cos_elem_2838,13,101.34033636748791,0.002109056630198859
euc_elem_2136,19,52.146208971738815,0.0010852471159437027
euc_elem_70,14,24.88550677895546,0.0005179077250907264
euc_elem_2642,14,26.634367883205414,0.0005543043588441406
cos_elem_394,14,24.768015265464783,0.0005154625362902765
cos_elem_384,9,13.533205211162567,0.0002816479321219337
euc_elem_1900,35,69.77401209622622,0.0014521102662762863
cos_elem_204,12,17.677320033311844,0.000367893677451464
cos_elem_2577,29,80.04465329647064,0.0016658589540763644
cos_elem_46,13,40.32444328069687,0.0008392170137646816
cos_elem_1731,8,6.29039503633976,0.00013091331481132355
euc_elem_1659,19,34.67858184874058,0.0007217174877805583
cos_elem_1771,9,9.96514804661274,0.00020739088019609652
cos_elem_1963,8,10.507901966571808,0.00021868646884803372
euc_elem_747,11,14.100146867334843,0.0002934469067626935
euc_elem_1284,21,77.35659956932068,0.001609916199801126
euc_elem_1267,10,8.672315120697021,0.00018048493186517402
euc_elem_2939,9,19.60155713558197,0.0004079401699349786
euc_elem_1832,11,12.367340087890625,0.000257384389525847
cos_elem_1225,9,13.967562019824982,0.00029068760122130904
cos_elem_3199,12,21.88131982088089,0.000455385725959916
cos_elem_2902,23,30.60781727731228,0.0006369982800386757
euc_elem_790,17,66.76541128754616,0.0013894964077613662
euc_elem_3000,12,16.40969803929329,0.0003415124094697204
cos_elem_2311,16,15.134217709302902,0.00031496759678132003
euc_elem_3014,19,48.39426380395889,0.0010071630566649387
cos_elem_2301,19,76.75551068782806,0.0015974065660630489
cos_elem_2347,12,13.67064693570137,0.00028450831714526116
euc_elem_463,12,11.52724614739418,0.00023990067318244688
cos_elem_271,18,70.14865973591805,0.0014599072908057403
euc_elem_194,34,57.805357947945595,0.0012030231772572424
cos_elem_1518,9,8.945785999298096,0.00018617630403102507
cos_elem_2028,24,51.56775137782097,0.0010732084759759286
euc_elem_2180,19,58.104907631874084,0.0012092572916248166
cos_elem_2010,21,82.47083652019501,0.0017163517587925204
euc_elem_1270,7,5.6131399273872375,0.00011681853844613853
euc_elem_1565,9,32.507804453372955,0.0006765400922587619
cos_elem_2725,13,82.50461846590042,0.0017170548158290853
cos_elem_2663,10,14.741921037435532,0.00030680326729057777
cos_elem_1177,4,6.479635000228882,0.0001348517051388594
euc_elem_2889,20,52.02452088147402,0.0010827145895796837
cos_elem_2634,21,32.072933077812195,0.0006674897141883337
euc_elem_464,7,8.760750114917755,0.0001823254074111253
cos_elem_835,6,6.128971770405769,0.0001275538350474922
euc_elem_735,18,49.18783497810364,0.0010236785588465715
euc_elem_3088,28,133.92520643770695,0.00278720058283539
euc_elem_1022,10,10.558837741613388,0.0002197465248722826
euc_elem_925,11,21.81095615029335,0.00045392134394484513
euc_elem_2806,5,7.065240025520325,0.00014703909473652138
cos_elem_1582,36,117.38391602039337,0.002442949522722742
cos_elem_1611,17,22.634272068738937,0.00047105588245919535
euc_elem_2326,14,24.984950706362724,0.0005199773143771755
euc_elem_2193,9,7.945178121328354,0.0001653520325227026
cos_elem_654,29,176.40229135751724,0.0036712175576437264
euc_elem_1363,9,16.126749962568283,0.00033562380145232747
euc_elem_486,18,32.02926832437515,0.0006665809799069668
cos_elem_1233,9,13.55498218536377,0.0002821011462464474
cos_elem_1913,9,7.728386074304581,0.0001608402386947066
cos_elem_533,11,22.42002245783806,0.00046659700084714464
cos_elem_206,30,119.8626030087471,0.002494535015867525
cos_elem_2409,23,416.0471568405628,0.008658615572658424
cos_elem_1692,14,102.33598536252975,0.0021297776993171725
cos_elem_1158,10,9.113471612334251,0.00018966611338670357
euc_elem_267,16,19.425535708665848,0.00040427687878358265
cos_elem_1679,16,33.394720286130905,0.0006949982480588704
cos_elem_2461,19,134.08859539031982,0.0027906009717245665
euc_elem_434,20,38.33889777958393,0.0007978945941459202
euc_elem_439,9,49.33942633867264,0.0010268334207263422
cos_elem_1172,23,81.07931718230247,0.0016873919862988728
cos_elem_1810,15,26.8360977768898,0.0005585026848516796
euc_elem_2249,5,7.711462080478668,0.00016048802295645848
euc_elem_2866,12,16.320539221167564,0.00033965686997528986
cos_elem_1863,2,6.588344931602478,0.00013711413498417323
euc_elem_3132,4,3.5018329322338104,7.28788183294986e-05
euc_elem_1015,19,32.350636035203934,0.000673269162772252
cos_elem_112,10,8.727900259196758,0.0001816417486776649
euc_elem_3157,18,23.167559683322906,0.0004821544619553464
euc_elem_1045,8,8.358679950237274,0.00017395767569618924
euc_elem_907,8,11.367628037929535,0.00023657876165014788
euc_elem_3038,16,34.35637575387955,0.0007150118567848914
euc_elem_1087,8,12.85063487291336,0.00026744253722131627
euc_elem_1076,8,7.007119953632355,0.00014582952185215227
cos_elem_2554,6,3.628273770213127,7.551025707567717e-05
euc_elem_920,11,25.651024520397186,0.0005338393898749031
euc_elem_444,18,72.02783161401749,0.0014990159029423422
euc_elem_436,31,82.07119219005108,0.0017080345126255555
euc_elem_1932,13,19.208966195583344,0.0003997697162475391
cos_elem_2427,6,7.778269112110138,0.0001618783855510261
cos_elem_2612,12,14.462133914232254,0.0003009804438385584
cos_elem_1025,6,11.346966981887817,0.00023614877159097066
cos_elem_967,6,42.14587080478668,0.0008771238723148448
cos_elem_926,9,8.407845556735992,0.00017498089164435672
cos_elem_987,6,13.944448351860046,0.00029020656833334934
cos_elem_2995,13,18.762413024902344,0.0003904762210893442
euc_elem_2840,22,51.07215274870396,0.001062894265345461
cos_elem_3030,8,46.72275656461716,0.0009723762821985963
euc_elem_1640,40,132.0853046476841,0.0027489092448720856
cos_elem_3000,10,29.69354870915413,0.0006179708694875204
euc_elem_2225,12,27.384558856487274,0.0005699170487446158
euc_elem_2228,4,3.035290002822876,6.316930389707752e-05
cos_elem_1742,8,12.774640917778015,0.0002658609798604641
cos_elem_1743,7,9.336459994316101,0.0001943068629868501
cos_elem_1744,14,13.523923978209496,0.0002814547746231751
cos_elem_581,6,10.08305424451828,0.00020984469925125013
cos_elem_610,5,4.862204939126968,0.00010119036438822482
cos_elem_3023,8,25.893725782632828,0.0005388903964594829
euc_elem_2000,10,12.452008962631226,0.00025914648602210876
cos_elem_2310,14,21.333982914686203,0.00044399475793730755
euc_elem_2593,2,1.1111539751291275,2.3124914939297005e-05
euc_elem_270,13,15.257802128791809,0.00031753958882965093
cos_elem_2286,27,74.87069228291512,0.0015581804405527945
cos_elem_2293,6,5.759883940219879,0.00011987251916398781
euc_elem_917,24,65.9479945898056,0.0013724846415900623
euc_elem_870,7,6.6037889420986176,0.00013743554987089343
euc_elem_2693,12,12.938955068588257,0.00026928062362348813
euc_elem_2716,13,33.87333661317825,0.000704959029462044
euc_elem_1443,8,8.532247982919216,0.0001775699077376438
cos_elem_1185,14,33.09370514750481,0.0006887336352041486
cos_elem_229,11,12.83047904074192,0.0002670230616896366
euc_elem_1470,17,88.504981957376,0.0018419321041716942
euc_elem_1475,33,60.06610897928476,0.0012500730699533207
euc_elem_411,9,16.356083273887634,0.0003403965993144698
cos_elem_556,32,87.7036315202713,0.0018252547029209258
cos_elem_1912,21,145.86525279283524,0.0030356922973176406
cos_elem_2935,8,12.604185223579407,0.0002623135206266495
euc_elem_2215,10,19.22259433567524,0.0004000533399283789
euc_elem_667,16,34.49477118253708,0.0007178920899364859
cos_elem_3120,12,10.120203912258148,0.000210617844041024
euc_elem_664,11,6.92767196893692,0.00014417608053861425
euc_elem_883,12,14.52356693148613,0.0003022589644848938
cos_elem_310,22,35.70365096628666,0.000743050837325925
cos_elem_2258,15,72.6522848457098,0.0015120117866719359
euc_elem_2047,11,7.933460548520088,0.00016510817084326731
cos_elem_2662,2,1.2309879958629608,2.5618855111703635e-05
cos_elem_2697,3,1.1355420053005219,2.3632469369982422e-05
euc_elem_204,15,55.703832760453224,0.001159287032410257
cos_elem_2799,13,25.113431185483932,0.0005226512013609239
cos_elem_859,10,124.1051939278841,0.0025828302083640248
cos_elem_1316,11,21.23869788646698,0.00044201172208280145
cos_elem_2144,14,28.700054869055748,0.0005972946526361873
cos_elem_2125,14,14.230953067541122,0.0002961691957712455
cos_elem_2743,9,24.35825377702713,0.0005069347356635277
euc_elem_2090,11,17.2822448015213,0.0003596715216258345
euc_elem_829,6,5.9714502692222595,0.00012427555733125065
cos_elem_810,9,48.74490523338318,0.0010144604730546768
cos_elem_880,6,5.147238526493311,0.00010712237526180638
cos_elem_326,19,40.38707110285759,0.0008405204002374086
euc_elem_1822,26,58.10014134645462,0.001209158097501078
cos_elem_1278,6,7.132025092840195,0.00014842900021816964
cos_elem_1340,4,1.2021069824695587,2.5017794418917552e-05
cos_elem_1321,12,22.4184730052948,0.0004665647542287035
cos_elem_1878,10,12.999434024095535,0.00027053928869874095
cos_elem_3147,21,50.42378377914429,0.0010494006563534178
cos_elem_1555,7,21.78351628780365,0.0004533502759378692
cos_elem_702,10,9.288841903209686,0.00019331585334187308
cos_elem_1596,9,8.79903194308281,0.0001831221142941068
euc_elem_2347,15,26.023324131965637,0.0005415875481339358
euc_elem_1619,5,6.396810054779053,0.00013312798379937842
cos_elem_3151,10,17.125546544790268,0.0003564103769607846
euc_elem_1596,8,14.424016013741493,0.00030018714855613727
cos_elem_3157,13,21.686361074447632,0.00045132831849987684
euc_elem_2471,15,22.20644175633788,0.00046215204032374555
euc_elem_2487,21,53.499235682189465,0.0011134057944798003
euc_elem_1507,8,24.90927243232727,0.0005184023268515994
euc_elem_1511,21,32.48593541234732,0.0006760849620744298
euc_elem_1488,9,9.713231086730957,0.00020214808000870079
euc_elem_2737,6,8.862356901168823,0.00018444000929520552
euc_elem_77,21,65.71772298961878,0.0013676923164160132
cos_elem_1386,14,54.27098062634468,0.0011294670574441416
euc_elem_1556,4,4.821768045425415,0.00010034880709896692
euc_elem_1544,23,32.3427948653698,0.0006731059753207399
euc_elem_1147,20,32.84276294708252,0.0006835111213407832
cos_elem_406,14,21.557271480560303,0.00044864175485072463
cos_elem_383,7,9.851932942867279,0.00020503469041272
cos_elem_2824,12,30.587434887886047,0.0006365740894833691
cos_elem_779,8,26.808167159557343,0.0005579214034411171
euc_elem_752,7,11.698391079902649,0.00024346247658245732
cos_elem_2887,10,12.99965351819992,0.0002705438567267615
cos_elem_2852,13,17.649493996053934,0.0003673145725217335
euc_elem_2175,27,69.01873517036438,0.0014363917294604154
cos_elem_436,25,75.54115342721343,0.0015721338235033442
cos_elem_1493,12,13.35328096151352,0.0002779034169046187
cos_elem_1561,6,13.91757994890213,0.00028964739332532725
cos_elem_1547,12,12.415855050086975,0.0002583940645116593
cos_elem_1521,15,21.889423936605453,0.0004555543857415335
cos_elem_2778,3,1.6120359897613525,3.3549081384499055e-05
euc_elem_1289,19,50.90164917707443,0.0010593458097047197
cos_elem_781,5,6.599894046783447,0.00013735449078738495
euc_elem_21,8,25.79834520816803,0.0005369053721327657
euc_elem_22,6,8.126617908477783,0.00016912808853145433
euc_elem_1561,8,11.14740002155304,0.00023199545973164937
cos_elem_1420,3,3.9465599060058594,8.213430737051513e-05
euc_elem_2944,8,17.180924385786057,0.00035756287957627565
euc_elem_2925,8,7.0640809535980225,0.00014701497257144642
euc_elem_3133,6,4.921233922243118,0.00010241885318821812
euc_elem_3199,5,12.56728994846344,0.0002615456701596433
cos_elem_22,8,6.37593999505043,0.00013269364403476895
euc_elem_3130,8,14.432545192539692,0.000300364654589167
euc_elem_298,27,40.225136920809746,0.0008371502874812662
euc_elem_388,18,25.338984981179237,0.0005273453413779124
euc_elem_383,9,7.8570670783519745,0.0001635182989271361
euc_elem_371,7,13.354506254196167,0.00027792891723103265
euc_elem_400,11,41.135282188653946,0.0008560918854707392
euc_elem_401,17,47.15013247728348,0.000981270667539174
euc_elem_1435,9,11.118058025836945,0.00023138480524966809
euc_elem_316,15,30.449896156787872,0.000633711685596334
cos_elem_1087,11,19.233899384737015,0.00040028861632012086
cos_elem_165,18,32.848275780677795,0.0006836258523419034
cos_elem_2457,20,28.01687315106392,0.0005830765339323345
euc_elem_968,28,61.78124991431832,0.0012857679323390204
euc_elem_978,8,14.368588745594025,0.00029903361728151907
cos_elem_1096,31,47.10194933414459,0.0009802678982456876
cos_elem_1039,16,26.93350312113762,0.0005605298479188881
euc_elem_1398,18,190.14588299393654,0.003957243972223844
cos_elem_84,19,32.00432272255421,0.0006660618215066633
cos_elem_2482,8,21.783991992473602,0.00045336017612296965
cos_elem_2471,6,7.20886193215847,0.00015002809936483206
euc_elem_1079,11,13.109336018562317,0.0002728265273088607
euc_elem_2647,4,16.760977506637573,0.000348823104462567
cos_elem_2543,16,24.108612209558487,0.000501739290079711
euc_elem_1049,7,10.429246932268143,0.00021704953011719006
euc_elem_1032,11,11.42345716059208,0.0002377406561684633
euc_elem_3121,21,36.34492678940296,0.0007563968264454517
euc_elem_1053,8,9.957616835832596,0.00020723414349481216
euc_elem_1056,8,17.640097081661224,0.00036711900750474477
euc_elem_1905,3,2.542691022157669,5.2917520812070305e-05
cos_elem_2516,5,7.220602214336395,0.00015027243366305234
euc_elem_1936,7,8.161654978990555,0.00016985726674929386
euc_elem_1919,13,18.444743990898132,0.00038386501368278987
euc_elem_1080,11,38.231029987335205,0.000795649690580551
euc_elem_1082,9,8.825961023569107,0.00018368255209982742
euc_elem_2656,10,11.90609872341156,0.0002477852092512823
cos_elem_1053,6,9.107030987739563,0.00018953207355132357
cos_elem_1056,9,11.612750269472599,0.000241680152529396
cos_elem_77,25,71.61163181066513,0.0014903541105483972
euc_elem_3118,16,29.147520929574966,0.000606607146511329
euc_elem_1025,4,21.228130757808685,0.0004417918030105169
cos_elem_2538,11,15.950826853513718,0.00033196255645496266
cos_elem_133,21,43.72812978923321,0.0009100532459626439
cos_elem_85,6,6.257499009370804,0.00013022869517936882
cos_elem_57,6,6.4624979346990585,0.00013449505503315261
cos_elem_171,13,24.467136949300766,0.0005092007709327226
cos_elem_63,8,12.035043090581894,0.0002504687504971019
euc_elem_1885,8,10.686645090579987,0.00022240640292665048
cos_elem_2580,22,38.69105973094702,0.0008052236550613364
euc_elem_1882,7,6.183246940374374,0.00012868338929193795
euc_elem_974,7,7.824893921613693,0.00016284872339615268
euc_elem_952,18,17.55312916636467,0.0003653090642487283
cos_elem_189,15,21.19376489520073,0.00044107659371692446
euc_elem_1437,6,3.963613048195839,8.248921089551506e-05
euc_elem_309,7,9.211714029312134,0.0001917106972939703
cos_elem_1077,9,11.112430989742279,0.000231267697509461
euc_elem_2599,19,36.743202209472656,0.00076468558337534
euc_elem_2637,10,21.347734957933426,0.00044428096024360503
euc_elem_2677,14,15.575940951704979,0.0003241605733047325
cos_elem_10,4,5.204610049724579,0.00010831636963554454
cos_elem_95,18,21.990362897515297,0.0004576550890979967
cos_elem_102,14,16.444371044635773,0.0003422340109013686
cos_elem_2033,10,8.247242152690887,0.00017163847453508703
cos_elem_454,5,6.172980010509491,0.00012846971784304125
euc_elem_2920,18,39.34242111444473,0.0008187795410368846
euc_elem_2937,8,8.50595098733902,0.00017702262464316498
euc_elem_2931,8,10.855001032352448,0.00022591016290965464
euc_elem_1272,7,6.424143075942993,0.00013369682826522004
cos_elem_751,4,3.3697790652513504,7.013056335338715e-05
euc_elem_1264,5,3.348993930965662,6.969799102487385e-05
euc_elem_39,13,28.661335587501526,0.0005964888416392479
cos_elem_1470,15,150.38778471946716,0.003129813515847651
euc_elem_36,6,9.485201090574265,0.00019740240624722326
cos_elem_1469,4,12.152398824691772,0.00025291111350859573
euc_elem_2409,24,223.99110252410173,0.00466161783962233
cos_elem_1458,40,89.50697958469391,0.0018627852986161555
euc_elem_533,8,13.512067139148712,0.0002812080145873325
cos_elem_720,4,5.515945017337799,0.00011479575485562427
cos_elem_2121,13,14.979759991168976,0.000311753081355454
cos_elem_2804,10,18.519137777388096,0.0003854132689409261
cos_elem_2774,9,4.723544970154762,9.830462572397246e-05
euc_elem_1788,7,11.001427948474884,0.00022895754433108312
cos_elem_2048,8,17.201668918132782,0.0003579946069126403
cos_elem_2087,11,21.921800553798676,0.00045622819561430875
cos_elem_2046,14,23.668505430221558,0.0004925799547722962
cos_elem_1495,6,4.736777700483799,9.858002028685298e-05
cos_elem_1519,16,20.91036608815193,0.0004351786052710476
euc_elem_2398,8,12.048129811882973,0.00025074110637549095
euc_elem_1559,25,47.13203923776746,0.0009808941179032555
euc_elem_2799,13,24.595123142004013,0.0005118643710150813
euc_elem_2780,35,65.13106921315193,0.001355483100606803
euc_elem_2787,15,28.494276762008667,0.0005930120767481064
cos_elem_764,5,5.543179154396057,0.00011536254138297678
euc_elem_2771,20,125.98461306095123,0.0026219439662772018
euc_elem_2777,8,8.691033020615578,0.00018087448169638314
euc_elem_2794,7,30.110233336687088,0.0006266427518583615
cos_elem_439,11,10.182027965784073,0.00021190450278588734
cos_elem_1929,10,13.259239822626114,0.0002759462684029332
cos_elem_2021,18,30.739649206399918,0.0006397419161275272
cos_elem_1993,5,9.425185859203339,0.00019615339202275127
cos_elem_1974,0,0.0,0.0
euc_elem_1746,12,17.25544899702072,0.0003591138575093614
euc_elem_1731,8,6.182945996522903,0.00012867712616268447
euc_elem_809,33,71.45299276709557,0.001487052574964032
euc_elem_751,9,36.402629017829895,0.0007575977033302468
cos_elem_2875,13,34.107903108000755,0.0007098407383536934
euc_elem_2158,24,53.992420583963394,0.0011236697715326137
euc_elem_2159,4,4.43873992562294,9.237737119714983e-05
euc_elem_1757,12,18.51789093017578,0.00038538732002981884
euc_elem_2142,11,14.106570035219193,0.0002935805832956413
cos_elem_2821,6,4.600102961063385,9.573559746680199e-05
cos_elem_780,17,23.2571839094162,0.00048401968734381416
euc_elem_2436,25,71.0546388849616,0.001478762185111432
cos_elem_1435,8,13.37248706817627,0.0002783031271093539
euc_elem_2450,18,51.10101307928562,0.0010634948955954167
euc_elem_1304,17,22.703909933567047,0.0004725051592801842
euc_elem_2741,10,18.798399835824966,0.00039122516494424564
cos_elem_757,3,5.644709944725037,0.00011747556166876066
euc_elem_2726,7,9.242618143558502,0.00019235386199410875
cos_elem_827,6,4.475865006446838,9.315000429335723e-05
euc_elem_1531,14,91.7744912803173,0.001909975891692204
euc_elem_2482,5,9.150858044624329,0.00019044418563046378
euc_elem_2472,9,11.282543241977692,0.00023480800915944542
euc_elem_2463,22,59.58738833665848,0.0012401101175738972
euc_elem_1508,7,12.70950984954834,0.00026450549678032505
cos_elem_1624,13,33.984567284584045,0.0007072739199924955
cos_elem_3172,31,107.1590538918972,0.0022301535715945147
cos_elem_3165,8,34.06152254343033,0.0007088754836414444
cos_elem_3145,6,10.325210958719254,0.0002148843729087434
cos_elem_1585,13,21.19108236581087,0.0004410207659330609
cos_elem_1595,9,9.770044833421707,0.0002033304661487078
cos_elem_1579,8,14.504460096359253,0.0003018613202816979
euc_elem_611,7,10.073089487850666,0.00020963731651628528
euc_elem_624,12,16.5373212993145,0.00034416845633480344
cos_elem_643,5,9.45885294675827,0.00019685405867506754
euc_elem_607,24,59.276757806539536,0.0012336453928396727
euc_elem_1225,15,28.19394615292549,0.0005867617100625095
cos_elem_675,12,8.937366038560867,0.00018600107100284101
cos_elem_424,8,28.017122700810432,0.0005830817274669755
cos_elem_1882,5,6.673166990280151,0.0001388794194864127
cos_elem_1952,3,2.2579609751701355,4.699182710568404e-05
cos_elem_2913,53,155.8445076495409,0.003243376763093023
euc_elem_716,21,21.48406510055065,0.00044711821144573406
cos_elem_513,18,33.85359475016594,0.000704548169299437
euc_elem_2902,31,82.59089696407318,0.0017188504111974982
euc_elem_2891,4,4.9018749594688416,0.00010201596180008611
euc_elem_1585,23,38.363509863615036,0.0007984068115005241
euc_elem_1506,5,8.609892964363098,0.0001791858256316012
cos_elem_1274,11,17.353752851486206,0.0003611597200303097
cos_elem_1284,7,7.869160056114197,0.00016376997339203798
euc_elem_169,26,62.23467364907265,0.001295204415069898
cos_elem_1273,20,33.75175794959068,0.0007024287804445132
cos_elem_894,14,14.34327906370163,0.00029850688178490684
cos_elem_266,9,7.713138043880463,0.00016052290247088705
cos_elem_2750,12,27.48232638835907,0.0005719517495232344
euc_elem_2084,6,17.153600335121155,0.00035699422180105643
euc_elem_2074,9,17.076799899339676,0.00035539588027098967
cos_elem_2183,21,43.314582124352455,0.0009014466488683024
euc_elem_2093,46,153.8077668249607,0.0032009888858266543
cos_elem_371,4,2.2792110443115234,4.74340754820098e-05
euc_elem_834,16,26.451480209827423,0.0005504981699765532
euc_elem_835,11,12.873103022575378,0.0002679101358272765
cos_elem_2137,16,21.250417977571487,0.00044225563617206263
cos_elem_2180,10,18.804662704467773,0.00039135550539019874
cos_elem_2133,4,2.099420040845871,4.369233333370771e-05
cos_elem_2733,6,9.145803928375244,0.0001903390012807072
cos_elem_2735,5,4.059085994958878,8.44761576394555e-05
cos_elem_816,33,74.48999514430761,0.0015502575161471925
cos_elem_799,20,33.27747404575348,0.0006925581637893925
euc_elem_2515,2,2.3512200117111206,4.8932698790079036e-05
euc_elem_2516,5,8.628214955329895,0.00017956713595592102
cos_elem_1304,13,14.243104159832,0.0002964220796936681
euc_elem_2494,20,33.79828152060509,0.0007033970113526153
euc_elem_146,4,4.531886994838715,9.431591266005489e-05
cos_elem_1289,14,41.32293340563774,0.0008599972114004795
euc_elem_510,4,6.230906128883362,0.00012967525424046426
cos_elem_848,10,26.91457974910736,0.0005601360218800499
cos_elem_834,16,63.42474761605263,0.0013199717829359813
cos_elem_2676,22,53.259396731853485,0.0011084143572444656
cos_elem_2241,23,42.936825938522816,0.0008935849304560648
cos_elem_2722,11,11.50150015950203,0.00023936485745090977
cos_elem_2157,12,23.38732397556305,0.0004867281130230641
euc_elem_867,9,7.760475158691406,0.00016150806454381
cos_elem_278,3,2.8313649594783783,5.8925293267690225e-05
cos_elem_274,14,15.24881897866726,0.00031735263491762175
cos_elem_888,8,7.049610957503319,0.00014671382850289094
euc_elem_179,8,9.578407019376755,0.0001993421726735147
euc_elem_193,18,24.17624121904373,0.0005031467593654986
cos_elem_1260,3,3.3055900931358337,6.879468682012835e-05
cos_elem_1649,5,4.53071366995573,9.429149386777004e-05
cos_elem_1650,5,6.099499881267548,0.00012694047727289344
cos_elem_1693,18,136.57667902112007,0.002842382024226698
cos_elem_3044,13,84.65290078520775,0.001761764052362937
euc_elem_2341,6,9.929910808801651,0.00020665753617239135
euc_elem_2330,11,10.133100047707558,0.00021088623351897965
euc_elem_1241,7,7.048640012741089,0.0001466936215688927
euc_elem_663,16,33.9191772043705,0.0007059130464532217
cos_elem_663,28,36.627685219049454,0.0007622814875998021
cos_elem_1573,13,14.405393771827221,0.000299799589523019
euc_elem_2310,23,114.73451754450798,0.002387811246870349
cos_elem_1572,9,13.163181975483894,0.0002739471489342226
euc_elem_2906,10,11.794468075037003,0.00024546199455191515
cos_elem_2939,12,15.783527731895447,0.00032848079061203165
cos_elem_2957,10,22.396339610219,0.00046610412240818
euc_elem_2205,11,26.916152849793434,0.0005601687606546669
euc_elem_2196,5,3.002349019050598,6.248374864118945e-05
euc_elem_2202,6,6.019314281642437,0.0001252716849973029
euc_elem_2185,10,18.50137484073639,0.000385043593442897
euc_elem_1185,13,26.087025970220566,0.000542913286622115
euc_elem_741,14,22.359600119292736,0.00046533951406262265
cos_elem_559,5,13.497922003269196,0.0002809136313863179
euc_elem_1692,3,3.129909932613373,6.513849797543485e-05
euc_elem_1694,8,7.985838025808334,0.00016619823102766696
cos_elem_1618,12,13.295776009559631,0.00027670664566293055
euc_elem_187,9,11.488556981086731,0.00023909548893259698
cos_elem_1251,10,17.572666868567467,0.00036571567549402987
cos_elem_1238,6,14.51973183453083,0.00030217914990216243
euc_elem_479,5,5.592902958393097,0.00011639737432568951
cos_elem_929,6,5.725665986537933,0.00011916038809484427
euc_elem_2697,7,7.054620832204819,0.0001468180921143452
cos_elem_1193,7,22.629989087581635,0.0004709667466803869
euc_elem_1863,1,0.499549001455307,1.0396424280732348e-05
euc_elem_1853,8,9.501173049211502,0.00019773480859034334
cos_elem_2341,8,7.391114979982376,0.00015382108064617578
cos_elem_293,20,26.931937023997307,0.0005604972548994083
cos_elem_2246,29,96.30297392606735,0.0020042209543306945
cos_elem_2307,13,40.11778903007507,0.0008349162039089478
euc_elem_2571,15,16.52733190357685,0.0003439605608208615
euc_elem_2594,9,10.022039979696274,0.00020857489352164488
euc_elem_2587,5,14.863250136375427,0.0003093283224633504
cos_elem_127,16,19.39609232544899,0.0004036641142634037
euc_elem_1666,11,23.511198580265045,0.0004893061442959486
cos_elem_1776,4,4.110305070877075,8.554210961405926e-05
cos_elem_1757,18,30.851902067661285,0.0006420780800854163
cos_elem_1782,7,4.54210701584816,9.452860785965023e-05
euc_elem_2290,3,3.211490035057068,6.683631211458722e-05
euc_elem_2280,4,5.258751153945923,0.00010944313375452517
cos_elem_1775,13,16.991745114326477,0.0003536257523565556
cos_elem_1728,8,6.777403116226196,0.0001410487421906077
euc_elem_1647,8,13.024812012910843,0.00027106744577311596
cos_elem_564,5,7.924929887056351,0.00016493063395356494
cos_elem_567,2,2.6191400289535522,5.450854853542709e-05
cos_elem_2990,6,8.039512991905212,0.0001673152940568621
cos_elem_1831,14,35.90881812572479,0.0007473206984041727
euc_elem_2226,13,36.06608271598816,0.0007505936293878206
euc_elem_675,3,4.593642972409725,9.560115463397375e-05
euc_elem_694,15,15.948678016662598,0.00033191783567772313
cos_elem_585,2,1.1218366473913193,2.33472386612266e-05
euc_elem_703,12,13.726727068424225,0.0002856754355897142
euc_elem_1423,14,13.770131051540375,0.0002865787428181035
cos_elem_919,21,23.951735973358154,0.0004984744413734745
cos_elem_966,12,12.277717113494873,0.00025551919018723353
cos_elem_983,21,33.07944142818451,0.000688436784089557
euc_elem_1963,7,4.85910901427269,0.00010112593317480516
euc_elem_1943,21,51.90879878401756,0.001080306225194391
cos_elem_2433,11,38.43513157963753,0.0007998973754798628
cos_elem_2587,8,21.87640306353569,0.00045528340027155067
cos_elem_2360,10,81.68932551145554,0.0017000872481974661
cos_elem_2324,14,70.15543879568577,0.0014600483740255332
cos_elem_2368,9,12.06225198507309,0.0002510350116857262
cos_elem_2357,8,7.121139019727707,0.0001482024433949175
euc_elem_1124,9,13.00319305062294,0.0002706175201325894
euc_elem_3045,4,4.440450996160507,9.241298134796784e-05
cos_elem_248,9,8.792961046099663,0.00018299576908949717
euc_elem_980,17,19.145227998495102,0.0003984432210731161
euc_elem_3114,16,21.877705864608288,0.00045531051367316824
cos_elem_51,9,15.518638283014297,0.0003229680119055684
cos_elem_42,15,42.336217507719994,0.0008810852956754523
euc_elem_1043,7,7.920658111572266,0.00016484173138297587
euc_elem_3170,13,19.713613867759705,0.0004102722521287939
euc_elem_988,15,53.71565940976143,0.001117909922983112
euc_elem_993,8,8.494430184364319,0.00017678285806284796
euc_elem_994,13,21.493440985679626,0.00044731333880966486
euc_elem_1051,6,10.420371979475021,0.00021686482796697064
euc_elem_3169,15,28.98359788954258,0.0006031956423974195
cos_elem_2479,9,10.955542981624603,0.00022800260381054734
euc_elem_1078,7,20.326523005962372,0.0004230278845647103
euc_elem_1057,9,9.838395029306412,0.00020475294449221046
euc_elem_3140,5,5.521925061941147,0.00011492020927497649
euc_elem_3145,13,31.638022899627686,0.0006584385285724226
euc_elem_1048,14,23.68265774846077,0.0004928744874498557
cos_elem_2496,15,22.244003802537918,0.0004629337673775689
euc_elem_3151,25,39.20454217493534,0.0008159100568614762
euc_elem_1908,9,11.38283209502697,0.00023689518271777671
euc_elem_1974,5,6.447710037231445,0.00013418729492184142
cos_elem_2440,28,59.34382504224777,0.00123504117070276
cos_elem_1015,5,7.3750559985637665,0.00015348686721794778
cos_elem_1017,5,3.525227963924408,7.336570685256251e-05
euc_elem_2650,17,25.27721032500267,0.0005260597106719417
euc_elem_2664,6,11.97580486536026,0.00024923590702979935
euc_elem_1384,8,7.605344042181969,0.00015827953460645185
cos_elem_1106,8,46.843767166137695,0.0009748947089239206
cos_elem_2459,7,13.352233111858368,0.00027788160945516803
cos_elem_2403,5,3.959036022424698,8.239395557176903e-05
cos_elem_2407,11,33.643110543489456,0.0007001676518514448
euc_elem_392,10,21.50731086730957,0.0004476019935236736
cos_elem_190,7,8.357108101248741,0.00017392496297142666
cos_elem_166,8,7.465328097343445,0.00015536557588695043
cos_elem_154,7,9.231766045093536,0.00019212801223833026
euc_elem_962,4,5.1559068858623505,0.00010730277786806893
euc_elem_982,5,5.15730094909668,0.00010733179058317002
euc_elem_958,7,25.825447499752045,0.0005374694147421327
euc_elem_1106,10,23.787142246961594,0.0004950489791894239
cos_elem_2446,15,22.174563944339752,0.0004614886113954352
cos_elem_2381,8,8.922560960054398,0.00018569295332626794
cos_elem_2327,4,3.7656070291996,7.836838475508323e-05
cos_elem_2391,19,27.26107193529606,0.000567347085793864
cos_elem_2598,14,16.342161014676094,0.00034010685453810587
cos_elem_2609,24,43.24459311366081,0.0008999900641328325
cos_elem_2593,4,3.430881977081299,7.14022139708875e-05
cos_elem_2617,7,13.896543085575104,0.000289209582107516
cos_elem_2559,3,1.5044329911470413,3.130968860378198e-05
cos_elem_2560,12,32.058305501937866,0.0006671852906291933
cos_elem_2435,8,13.436369061470032,0.0002796326149158474
cos_elem_2616,7,7.55446594953537,0.00015722067904632163
euc_elem_1835,4,4.04543799161911,8.419212057223744e-05
euc_elem_342,8,9.435560166835785,0.0001963692981770055
euc_elem_359,8,12.278398960828781,0.0002555333805352421
euc_elem_285,8,9.193890184164047,0.00019133975419142432
cos_elem_1124,5,4.018205061554909,8.362535916438729e-05
cos_elem_1079,13,20.095115214586258,0.00041821191341072025
euc_elem_292,4,10.002169340848923,0.00020816135332521883
cos_elem_1006,17,31.374614894390106,0.000652956581108984
cos_elem_1091,12,13.95837977528572,0.0002904965038318608
euc_elem_1871,4,4.403854966163635,9.165135865684146e-05
euc_elem_1111,19,51.00197720527649,0.0010614337985614668
euc_elem_3040,9,10.018663853406906,0.00020850463086227142
euc_elem_1864,2,1.6959459781646729,3.529538422624399e-05
euc_elem_915,10,15.464642137289047,0.00032184426460780876
euc_elem_1133,5,5.7986771166324615,0.0001206798680326825
euc_elem_908,13,20.298497796058655,0.00042244463452944484
euc_elem_944,8,10.759101927280426,0.00022391434712067947
euc_elem_3044,12,122.96033996343613,0.0025590039420333843
cos_elem_294,13,188.16345585137606,0.003915986450700118
euc_elem_2998,4,4.202648043632507,8.746391652651983e-05
cos_elem_335,4,5.0670870542526245,0.00010545429323239195
cos_elem_2279,5,4.508739024400711,9.383416588204063e-05
cos_elem_2280,4,3.1827100217342377,6.62373533969487e-05
cos_elem_2282,36,62.576874911785126,0.001302326177912376
euc_elem_3016,16,46.47487783432007,0.0009672175241131428
cos_elem_2687,13,18.814271822571754,0.0003915554867103127
cos_elem_2693,12,22.29197232425213,0.0004639320700513959
cos_elem_2694,8,11.901815056800842,0.00024769605920707744
cos_elem_2679,15,21.759320080280304,0.0004528467136473542
cos_elem_2323,13,31.149692177772522,0.0006482755748703186
euc_elem_376,7,8.472775876522064,0.00017633219682405493
euc_elem_441,10,14.920204877853394,0.00031051364293337304
euc_elem_445,8,10.291633903980255,0.0002141855799852323
cos_elem_958,6,5.316148996353149,0.00011063767587296743
euc_elem_2676,14,19.642909914255142,0.00040880078827476324
euc_elem_311,8,16.121277004480362,0.0003355099003251369
cos_elem_988,5,14.4643993973732,0.0003010275922141242
euc_elem_2575,27,46.70280882716179,0.0009719611374551927
euc_elem_2576,8,19.649045288562775,0.0004089284753569862
euc_elem_2578,14,22.90510320663452,0.00047669231734304715
cos_elem_982,5,4.326854944229126,9.004886341548428e-05
euc_elem_2617,11,9.658507108688354,0.00020100918534090456
euc_elem_2634,24,61.584993332624435,0.0012816835148239582
euc_elem_332,7,4.941945880651474,0.00010284990260813657
cos_elem_2623,15,20.16701276600361,0.0004197082179716401
cos_elem_2640,10,19.145694702863693,0.00039845293394735943
euc_elem_2004,5,4.855744898319244,0.000101055920469986
euc_elem_1991,9,12.163186013698578,0.00025313561239335877
euc_elem_2011,9,7.7958080768585205,0.00016224339983078202
euc_elem_2017,10,18.33090189099312,0.00038149577509323393
euc_elem_927,9,9.605418980121613,0.0001999043353517303
cos_elem_2300,9,8.680558040738106,0.00018065648038956224
cos_elem_2220,5,4.584607973694801,9.541312166875399e-05
cos_elem_2700,13,19.62271299958229,0.00040838045774965157
euc_elem_2002,3,2.4320400655269623,5.0614695085564146e-05
euc_elem_1826,9,13.814247041940689,0.0002874968680719429
euc_elem_1827,16,34.11950796842575,0.0007100822543057732
euc_elem_1830,2,1.113314002752304,2.3169868614638612e-05
cos_elem_2716,6,8.37244188785553,0.00017424408392038255
cos_elem_2269,6,14.090274214744568,0.00029324144086284034
euc_elem_2050,20,37.997703805565834,0.0007907937946135671
euc_elem_2041,5,11.253831148147583,0.0002342104639565196
cos_elem_2749,6,5.104792982339859,0.00010623901470146037
cos_elem_2751,14,13.112813025712967,0.0002728988894624432
cos_elem_2753,9,11.962881043553352,0.00024896694135387613
euc_elem_1810,20,40.47603791952133,0.0008423719438702611
euc_elem_1811,6,4.2367310374975204,8.817323886315946e-05
cos_elem_1202,5,6.471483990550041,0.00013468206941805782
cos_elem_1205,5,5.267993062734604,0.0001096354728536947
cos_elem_1160,3,3.2748740017414093,6.815543518024542e-05
euc_elem_1446,4,4.418642938137054,9.19591203187392e-05
euc_elem_243,6,7.304741024971008,0.00015202349866625582
euc_elem_1453,10,8.310014098882675,0.0001729448604624654
euc_elem_1457,6,5.345943033695221,0.00011125773807375609
euc_elem_317,12,21.91127473115921,0.00045600913618721586
euc_elem_1415,3,5.578719973564148,0.00011610220342669985
euc_elem_1418,6,4.37240195274353,9.099677047536105e-05
cos_elem_331,8,6.997062981128693,0.00014562021995619587
cos_elem_2759,3,2.424034044146538,5.044807680621812e-05
cos_elem_276,22,45.757981956005096,0.000952297759096382
euc_elem_882,10,15.875831067562103,0.00033040177261243965
euc_elem_866,5,4.230401039123535,8.804150133871125e-05
euc_elem_888,5,5.2500729858875275,0.00010926252701354131
euc_elem_889,8,9.428754985332489,0.00019622767132156278
euc_elem_892,16,14.125373892486095,0.0002939719220385705
euc_elem_844,11,12.188856035470963,0.0002536698471468341
cos_elem_369,7,15.302380919456482,0.00031846734570699776
cos_elem_355,9,16.048115760087967,0.0003339872962654874
euc_elem_903,25,76.17375394701958,0.0015852992655019404
cos_elem_377,10,16.83184525370598,0.0003502979771261023
cos_elem_359,7,6.384262919425964,0.00013286685757901072
euc_elem_2095,3,3.5105690360069275,7.30606308065954e-05
euc_elem_2080,21,28.235941022634506,0.0005876356913573115
cos_elem_2756,17,36.70591449737549,0.0007639095656587785
cos_elem_2746,11,22.984159141778946,0.0004783375994700799
cos_elem_2748,12,12.967286005616188,0.00026987023633566454
cos_elem_2104,7,28.161401748657227,0.0005860844082687898
cos_elem_2051,30,113.7322528809309,0.00236695249496858
cos_elem_2040,3,3.704585015773773,7.70984177644752e-05
cos_elem_2041,4,3.662783980369568,7.622847047568071e-05
cos_elem_2771,7,16.25897765159607,0.0003383756739468951
euc_elem_2069,15,74.76659023761749,0.0015560139082841818
euc_elem_478,2,1.7224109768867493,3.584616373836831e-05
euc_elem_1365,6,7.144454061985016,0.0001486876672082452
euc_elem_1367,6,8.1110799908638,0.00016880471928542754
euc_elem_1460,8,5.581784948706627,0.0001161659905264604
euc_elem_438,12,34.04081743955612,0.0007084445768754899
euc_elem_417,9,16.226122945547104,0.0003376919142702494
cos_elem_1253,3,3.15829598903656,6.572925781155209e-05
cos_elem_1243,7,7.710181087255478,0.0001604613634115285
euc_elem_2539,16,29.26700735092163,0.0006090938525771751
euc_elem_266,14,14.20902993530035,0.0002957129398610672
euc_elem_281,6,6.0402520298957825,0.0001257074334698067
cos_elem_1230,6,6.033280998468399,0.0001255623550086702
cos_elem_2794,14,24.34257835149765,0.0005066085046549365
cos_elem_2779,10,11.637934997677803,0.00024220428753728
cos_elem_2801,6,4.076639011502266,8.484146435983758e-05
cos_elem_2736,26,355.55675211548805,0.007399712220628887
euc_elem_2089,16,24.084891855716705,0.0005012456310754694
cos_elem_2115,21,34.77438122034073,0.0007237112279543575
euc_elem_897,5,13.566160082817078,0.0002823337764071575
euc_elem_901,9,7.668891936540604,0.00015960206927267045
cos_elem_840,5,4.19404399394989,8.728485230905088e-05
cos_elem_907,9,7.565617956221104,0.00015745277037820037
cos_elem_913,23,69.24055734276772,0.001441008208349294
cos_elem_854,5,3.741974949836731,7.787656288580399e-05
euc_elem_487,4,3.792188048362732,7.892157884060663e-05
euc_elem_488,3,2.6435869932174683,5.5017329480085446e-05
euc_elem_450,13,49.97401109337807,0.0010400401578688093
euc_elem_182,20,22.534880332648754,0.00046898737935863503
euc_elem_1442,8,7.775351971387863,0.0001618176751251279
euc_elem_2715,13,17.342750877141953,0.0003609307511145969
euc_elem_2714,11,12.253782942891121,0.0002550210813096677
euc_elem_847,5,6.023650079965591,0.00012536191998692732
euc_elem_854,4,4.063450992107391,8.456700030395474e-05
euc_elem_1148,4,2.201964020729065,4.582643973607222e-05
euc_elem_856,6,5.277700960636139,0.00010983750994147662
euc_elem_1177,7,13.868179440498352,0.0002886192886878375
euc_elem_1759,7,8.245099037885666,0.0001715938728428957
euc_elem_1762,6,6.913652002811432,0.0001438843023230289
cos_elem_2095,3,1.4318180866539478,2.9798454762825943e-05
euc_elem_1738,4,5.140948951244354,0.00010699147900809902
cos_elem_2823,8,9.678547978401184,0.0002014262683175144
cos_elem_2805,10,13.187298208475113,0.0002744490468251188
euc_elem_2112,17,18.29932615160942,0.0003808386327855636
euc_elem_1751,13,16.803477987647057,0.0003497076083479168
euc_elem_2127,17,21.536630868911743,0.00044821219027250085
euc_elem_2133,8,23.223445504903793,0.0004833175364700378
euc_elem_2141,4,4.655227959156036,9.688283801172586e-05
cos_elem_2880,36,131.64829142391682,0.0027398142914694377
cos_elem_2822,5,2.9895322769880295,6.221701146827752e-05
cos_elem_2839,6,4.418204873800278,9.195000348997141e-05
euc_elem_1743,14,47.79507848620415,0.000994693039173129
euc_elem_2179,8,10.065578907728195,0.00020948100917242077
euc_elem_2183,20,37.895261362195015,0.0007886618013505735
cos_elem_1978,6,6.577688962221146,0.00013689236699246854
euc_elem_2502,9,10.844162970781326,0.00022568460528438498
euc_elem_2503,3,2.3305029571056366,4.8501543310039545e-05
euc_elem_1326,6,14.385803043842316,0.00029939187472525917
euc_elem_1330,5,11.792729616165161,0.00024542581440547585
cos_elem_855,8,9.100588142871857,0.00018939798750846397
cos_elem_860,12,18.073222190141678,0.00037613304292726153
cos_elem_821,6,8.365458101034164,0.00017409873999882613
cos_elem_1264,7,7.100813925266266,0.00014777944524067935
euc_elem_189,10,19.40470016002655,0.0004038432572506701
euc_elem_176,7,6.878382012248039,0.00014315027666146973
cos_elem_866,7,8.732602030038834,0.00018173960014849678
cos_elem_2012,5,3.6607369482517242,7.618586841992365e-05
cos_elem_435,22,32.40050917118788,0.0006743071035556171
euc_elem_1724,11,9.926539521664381,0.0002065873742236153
cos_elem_449,9,5.803165979683399,0.00012077328854734612
euc_elem_2940,14,26.833252795040607,0.0005584434761688696
cos_elem_2034,9,28.90069079399109,0.0006014702113811918
euc_elem_2162,6,9.857943177223206,0.00020515977312974838
euc_elem_2170,6,16.210516095161438,0.00033736711042153263
cos_elem_445,9,12.698056042194366,0.0002642671244874473
cos_elem_465,12,22.23684997856617,0.00046278488470735376
cos_elem_1890,9,9.703211963176727,0.0002019395658107194
cos_elem_2924,3,10.323094844818115,0.00021484033314912322
cos_elem_478,7,9.876304864883423,0.00020554190960659006
cos_elem_482,7,8.282464981079102,0.00017237151867535055
cos_elem_423,36,74.24508810043335,0.0015451606036720614
euc_elem_793,10,24.004020899534225,0.0004995625754192431
cos_elem_1880,9,14.320067182183266,0.0002980238049137371
euc_elem_814,20,47.95585609972477,0.000998039081863905
cos_elem_2944,10,29.83298046141863,0.000620872670212824
cos_elem_2947,6,3.7114062532782555,7.724037877132267e-05
cos_elem_2965,10,10.588227033615112,0.00022035816366661534
euc_elem_1172,25,82.25903824716806,0.001711943893494222
euc_elem_166,5,6.7117800116539,0.00013968301903679315
euc_elem_1497,13,12.377322018146515,0.0002575921296710151
euc_elem_95,11,18.608235329389572,0.00038726753338802424
euc_elem_114,7,7.070382088422775,0.00014714610939865934
euc_elem_116,6,4.887243092060089,0.00010171144892715943
cos_elem_1362,7,12.837308019399643,0.0002671651838024282
euc_elem_2498,15,31.6662358045578,0.0006590256848453626
cos_elem_2952,8,54.94907248020172,0.0011435792478268038
euc_elem_2897,11,13.988869965076447,0.0002911310540932785
cos_elem_509,5,4.492600113153458,9.349828898454564e-05
euc_elem_776,7,12.04060310125351,0.0002505844633296351
euc_elem_759,9,9.741531029343605,0.00020273704767686615
euc_elem_766,5,4.523718953132629,9.414592247516453e-05
cos_elem_2950,4,2.5795020163059235,5.368361725555413e-05
euc_elem_718,1,0.8049119710922241,1.6751522544808868e-05
euc_elem_710,8,12.06980174779892,0.0002511921344830652
cos_elem_2904,7,11.269666075706482,0.00023454001446082925
cos_elem_2891,12,15.853787213563919,0.00032994300428685
cos_elem_2963,9,9.387623980641365,0.0001953716684577477
cos_elem_459,7,11.364549607038498,0.00023651469451445368
euc_elem_1701,5,4.7631780207157135,9.912945373478018e-05
cos_elem_527,1,1.7828999757766724,3.710503783269007e-05
cos_elem_537,5,3.585262969136238,7.461513260270887e-05
euc_elem_1184,18,26.01859799027443,0.0005414891894662385
euc_elem_2882,14,26.33876034617424,0.0005481522869420745
euc_elem_2230,9,8.269410848617554,0.00017209984102352507
euc_elem_2255,8,9.174400985240936,0.00019093415237797664
euc_elem_2266,7,11.058712989091873,0.0002301497388614659
cos_elem_1834,8,32.52241583913565,0.0006768441788754418
cos_elem_1818,7,10.718703091144562,0.000223073581871039
cos_elem_2993,4,17.86909081041813,0.000371884738103441
euc_elem_1676,10,13.61839184165001,0.0002834208039543532
euc_elem_1216,7,10.184334993362427,0.00021195251576852176
euc_elem_2750,9,9.14171290397644,0.00019025386043312493
euc_elem_1303,4,3.5965290665626526,7.484959834779464e-05
euc_elem_555,27,41.00552394986153,0.0008533914062375177
euc_elem_1321,14,30.34213876724243,0.0006314690796901368
euc_elem_1555,12,28.491125881671906,0.0005929465018220364
cos_elem_893,8,16.856378227472305,0.00035080854806789134
cos_elem_1305,14,43.42094165086746,0.0009036601629794837
cos_elem_1337,13,21.026550136506557,0.000437596583603161
cos_elem_1327,10,8.207802057266235,0.00017081766223336545
cos_elem_591,8,8.249025046825409,0.00017167557945135375
cos_elem_595,7,8.513529062271118,0.00017718033666339875
euc_elem_2844,13,15.244030922651291,0.00031725298771248896
euc_elem_2863,11,10.540803968906403,0.00021937121283703096
euc_elem_2870,12,13.053049817681313,0.0002716551202520861
euc_elem_2875,10,17.56395423412323,0.000365534351451701
euc_elem_1202,8,10.463265925645828,0.00021775752049997034
cos_elem_3040,5,4.1864800453186035,8.712743428002985e-05
cos_elem_2983,31,84.88422213494778,0.0017665782245263942
cos_elem_1754,8,8.058975011110306,0.00016772033021633087
euc_elem_2277,6,7.032047837972641,0.00014634831152297064
euc_elem_2270,5,5.039349943399429,0.0001048770390052562
euc_elem_2289,11,11.806548863649368,0.00024571341534085497
cos_elem_1796,6,5.13276706635952,0.00010682120072422489
cos_elem_3027,27,55.00507292151451,0.0011447447077638669
cos_elem_1783,13,17.00807613134384,0.0003539656272864499
cos_elem_3072,6,9.892476797103882,0.00020587847372405068
euc_elem_1663,6,5.578845024108887,0.00011610480593119061
euc_elem_684,5,5.273796036839485,0.00010975624214901647
euc_elem_642,9,12.918901085853577,0.00026886326774364284
euc_elem_643,8,10.447497934103012,0.00021742936304263073
cos_elem_602,13,71.4514487683773,0.0014870204418485275
cos_elem_603,7,4.033811114728451,8.39501464218278e-05
cos_elem_607,22,37.07291019707918,0.0007715473409164779
cos_elem_568,4,3.0908563062548637,6.432572872128476e-05
cos_elem_632,3,3.0694389939308167,6.387999974329647e-05
cos_elem_578,9,10.506838142871857,0.00021866432895282348
euc_elem_1648,7,6.894163802266121,0.0001434787212874412
euc_elem_1649,6,5.894355088472366,0.0001226710816807326
euc_elem_1653,4,3.8997740149497986,8.116061715723492e-05
euc_elem_1654,7,8.134229078888893,0.00016928648932224027
euc_elem_1631,8,12.003789901733398,0.00024981832098878895
euc_elem_1635,11,20.847213834524155,0.0004338643045296067
cos_elem_3052,11,14.881886333227158,0.0003097161719213323
cos_elem_1396,11,9.021707147359848,0.00018775634615868589
cos_elem_1342,15,34.62339931726456,0.000720569049872689
euc_elem_1545,17,35.898204773664474,0.0007470998173479832
cos_elem_1449,13,26.392270728945732,0.0005492659247255475
cos_elem_1434,16,39.80336073040962,0.0008283724414358609
cos_elem_1436,6,6.554720997810364,0.0001364143664315954
euc_elem_2437,23,47.17354175448418,0.000981757852534389
euc_elem_1552,13,60.548140585422516,0.0012601049288491076
euc_elem_1522,6,6.883880138397217,0.00014326470157680201
cos_elem_829,8,8.148092940449715,0.00016957501874885456
cos_elem_1686,7,8.552843928337097,0.00017799854273922182
euc_elem_2297,7,12.284206748008728,0.000255654249998456
euc_elem_1629,8,11.348395049571991,0.00023617849199378003
cos_elem_1698,5,4.984774053096771,0.00010374122628331664
cos_elem_1701,5,4.715212017297745,9.813120347077906e-05
cos_elem_1689,7,11.289881959557533,0.00023496073976528035
euc_elem_2301,18,85.12877374887466,0.0017716677399283167
euc_elem_2803,6,5.803768008947372,0.00012078581775196758
cos_elem_774,6,4.675911962985992,9.73133056515651e-05
cos_elem_710,12,46.37003210186958,0.0009650355145096727
cos_elem_711,10,29.294928520917892,0.0006096749373733612
euc_elem_1287,6,12.37279997766018,0.00025749801868015404
euc_elem_574,8,12.509734898805618,0.0002603478563035488
euc_elem_582,7,14.116062104701996,0.0002937781286442616
euc_elem_537,8,7.094320893287659,0.0001476443147227095
euc_elem_1547,22,21.63792283833027,0.00045032024030810917
euc_elem_2452,10,8.221875935792923,0.00017111056245338926
cos_elem_1378,7,7.311980068683624,0.00015217415489738405
cos_elem_1403,2,1.6279369592666626,3.388000632873994e-05
euc_elem_2808,8,10.392125964164734,0.00021627698261336107
euc_elem_655,18,25.03540700674057,0.0005210273917566437
euc_elem_662,5,14.03120219707489,0.0002920120564440471
euc_elem_2805,2,1.8195319175720215,3.78674079065408e-05
euc_elem_2363,7,7.32610297203064,0.00015246807540336766
euc_elem_2355,16,25.33790397644043,0.0005273228439174403
cos_elem_3161,11,8.9809190928936,0.00018690748064482965
euc_elem_1233,12,15.494213163852692,0.00032245968559289093
euc_elem_1603,4,4.697607934474945,9.77648339783653e-05
euc_elem_1621,8,6.3526250422000885,0.00013220842208214515
euc_elem_1612,11,11.807202145457268,0.0002457270111939745
cos_elem_1603,9,8.386470794677734,0.0001745360482063557
cos_elem_1631,12,14.16084311902523,0.00029471009412366324
cos_elem_1633,15,35.49751153588295,0.0007387607417132383
euc_elem_1602,11,13.956398069858551,0.00029045526133040394
cos_elem_1662,15,66.74682688713074,0.0013891096362711641
cos_elem_1665,9,13.174070030450821,0.00027417374700307735
cos_elem_3133,13,8.697046011686325,0.00018099962178511444
cos_elem_3135,9,6.336078017950058,0.0001318640516916815
cos_elem_1640,16,24.0555539727211,0.0005006350621858665
euc_elem_35,11,11.486354917287827,0.00023904966041631538
euc_elem_1273,13,16.18211504817009,0.00033677603860739853
euc_elem_1265,37,137.34670278429985,0.002858407466625624
euc_elem_2407,7,9.310857057571411,0.00019377402438151787
euc_elem_1278,6,4.722709029912949,9.828722845283006e-05
euc_elem_1286,6,8.506015032529831,0.00017702395752737627
cos_elem_752,9,15.275101959705353,0.0003178996263467677
cos_elem_741,6,7.257834851741791,0.00015104730518602504
cos_elem_744,7,46.7034769654274,0.0009719750424952733
euc_elem_2770,2,2.488667070865631,5.1793194835404534e-05
euc_elem_1570,21,32.00672534108162,0.0006661118238918607
euc_elem_90,8,41.02080810070038,0.000853709494185704
cos_elem_746,5,13.89937973022461,0.00028926861727968935
cos_elem_676,9,7.665492027997971,0.00015953131166606543
cos_elem_679,9,8.232943952083588,0.00017134090580903322
cos_elem_642,14,18.54249407351017,0.0003858993513140348
euc_elem_612,3,2.713715970516205,5.647682714747643e-05
euc_elem_613,10,11.908737927675247,0.0002478401353690583
euc_elem_632,4,19.451975256204605,0.00040482712861533634
cos_elem_1588,15,34.31811687350273,0.0007142156274825719
cos_elem_1594,6,7.4604154750704765,0.00015526333625613952
euc_elem_1572,13,22.59298923611641,0.000470196719810078
euc_elem_1576,5,5.104579031467438,0.00010623456203708022
cos_elem_1501,10,12.28075510263443,0.0002555824156645402
cos_elem_1508,7,4.493632048368454,9.351976522870603e-05
cos_elem_1514,6,14.143550872802734,0.0002943502144562588
euc_elem_2400,6,11.142601788043976,0.00023189560071639175
euc_elem_2402,12,36.315439976751804,0.000755783158088364
euc_elem_2376,7,5.529605001211166,0.00011508004125716198
cos_elem_1545,14,36.29996983706951,0.0007554611994109354
cos_elem_1528,11,13.55679226666689,0.00028213881697175167
cos_elem_1556,10,9.17365089058876,0.00019091854169267446
cos_elem_3180,7,4.362169951200485,9.078382594144604e-05
euc_elem_1583,13,16.69837288558483,0.0003475202008424964
cos_elem_1457,4,4.4647470116615295,9.291862080424543e-05
cos_elem_1461,20,29.76054196059704,0.0006193651076181487
euc_elem_3175,18,50.65117638558149,0.00105413306500189
euc_elem_3195,31,95.88751468062401,0.0019955745741469712
cos_elem_79,1,1.1100200414657593,2.3101315942129085e-05
euc_elem_1390,11,106.53911459445953,0.002217251630151964
euc_elem_1391,4,3.6287219524383545,7.551958447410049e-05
cos_elem_55,6,6.061126947402954,0.00012614187433266017
cos_elem_1057,10,11.934048116207123,0.00024836688140965915
cos_elem_1045,5,4.381099998950958,9.117779091284045e-05
cos_elem_1050,7,11.685070931911469,0.00024318526271636007
euc_elem_3186,20,26.875090211629868,0.0005593141806090838
euc_elem_1095,13,17.15158222615719,0.0003569522216830039
cos_elem_2483,9,10.481716066598892,0.00021814149783318202
cos_elem_1031,11,33.741672322154045,0.0007022188821929639
cos_elem_2578,27,66.52053900063038,0.0013844002186348676
euc_elem_3101,12,9.564547061920166,0.00019905372449763642
euc_elem_3078,12,10.851353213191032,0.00022583424588131312
cos_elem_2571,11,19.169050812721252,0.0003989390124440018
euc_elem_3094,6,3.9038240015506744,8.124490394173719e-05
euc_elem_1011,16,19.601837903261185,0.00040794601316539034
euc_elem_1902,8,23.36756107211113,0.00048631681497481114
cos_elem_121,7,20.15363049507141,0.00041942971122646496
cos_elem_104,7,13.93958181142807,0.0002901052877403289
cos_elem_60,5,3.049217015504837,6.345914760086433e-05
cos_elem_131,10,7.3261330127716064,0.00015246870059987068
euc_elem_3104,4,4.022519052028656,8.371514029732411e-05
euc_elem_3158,6,11.434619933366776,0.00023797297156010066
cos_elem_120,6,5.396749995648861,0.00011231511328889267
cos_elem_123,19,21.710598789155483,0.0004518327446221673
cos_elem_130,6,8.339228093624115,0.00017355285103672795
euc_elem_3106,9,13.024935960769653,0.0002710700253289256
euc_elem_3107,21,29.24136596918106,0.0006085602138691753
euc_elem_1020,9,7.840193957090378,0.00016316714192939462
euc_elem_1010,16,23.924827933311462,0.0004979144414533999
euc_elem_1069,6,12.493929862976074,0.00026001892789456906
euc_elem_2680,14,15.172211803495884,0.0003157583154540461
euc_elem_2684,7,9.674091815948486,0.00020133352835529419
euc_elem_2667,3,5.527460098266602,0.00011503540235089308
euc_elem_382,24,49.5732169598341,0.001031698982429738
euc_elem_405,9,9.177013918757439,0.00019098853175892979
cos_elem_1094,6,4.413876950740814,9.185993239734693e-05
cos_elem_1095,7,7.288058012723923,0.00015167629814519368
cos_elem_1098,7,10.823169827461243,0.0002252477039507701
cos_elem_2569,10,20.76354292035103,0.00043212297721003165
euc_elem_1379,3,3.0594170689582825,6.367142724326024e-05
euc_elem_1383,7,8.389977991580963,0.00017460903865761435
cos_elem_1099,5,5.725134968757629,0.00011914933675427794
euc_elem_2609,21,28.25261288881302,0.0005879826599106236
euc_elem_2614,5,4.38233608007431,9.120351576418904e-05
euc_elem_2660,4,3.523389995098114,7.332745574270693e-05
euc_elem_2662,4,5.06629204750061,0.00010543774785350838
cos_elem_187,9,10.102935075759888,0.0002102584515679183
euc_elem_3060,8,9.05211392045021,0.0001883891603833854
cos_elem_197,6,8.706611931324005,0.000181198704075138
cos_elem_198,9,18.960317581892014,0.0003945949356409918
cos_elem_2428,3,3.530668020248413,7.347892324072598e-05
cos_elem_2454,11,13.885789066553116,0.0002889857735438917
cos_elem_2401,14,35.29007005691528,0.0007344435483598583
cos_elem_2567,2,1.158854991197586,2.4117650387120926e-05
cos_elem_211,5,4.7298809587955475,9.84364879155805e-05
cos_elem_146,4,2.685983031988144,5.589965975318831e-05
cos_elem_148,15,14.16848573833704,0.0002948691494170383
euc_elem_959,9,7.843504011631012,0.0001632360295286022
euc_elem_966,9,10.140107035636902,0.00021103206029319242
euc_elem_1948,7,23.10901415348053,0.0004809360346014563
cos_elem_179,8,13.189574122428894,0.0002744964122828036
cos_elem_182,20,26.962479144334793,0.000561132885919662
cos_elem_1592,18,24.756463453173637,0.000515222124355831
cos_elem_1576,5,5.072493985295296,0.00010556682022976861
cos_elem_1581,6,7.019283056259155,0.00014608265572912916
cos_elem_1597,6,8.87559586763382,0.0001847155336421815
cos_elem_703,22,45.07856857776642,0.0009381580656496983
cos_elem_656,5,6.627129018306732,0.00013792129468130697
cos_elem_645,21,40.0280721783638,0.0008330490508312624
euc_elem_615,4,5.771830976009369,0.00012012115633992608
euc_elem_2396,7,5.120883956551552,0.00010657389395155942
cos_elem_1531,21,140.0786895751953,0.0029152645391545677
euc_elem_2375,19,18.40967383980751,0.00038313514700451544
euc_elem_1571,15,16.34191096574068,0.00034010165061453495
euc_elem_1557,7,6.627165041863918,0.00013792204438991117
euc_elem_1566,19,50.36240068078041,0.001048123174600081
euc_elem_623,9,13.273391887545586,0.00027624079580849833
cos_elem_3137,6,37.02797204256058,0.000770612105094952
cos_elem_3173,7,13.887621819972992,0.0002890239161126878
euc_elem_2379,7,5.987281978130341,0.00012460504085022068
euc_elem_2381,7,10.19275689125061,0.00021212778911195652
cos_elem_1543,7,9.992284119129181,0.00020795562584141212
cos_elem_1544,7,16.475752294063568,0.0003428871055578695
cos_elem_1552,5,5.026780009269714,0.00010461543830539958
cos_elem_1516,16,20.32174502313137,0.00042292844699888104
euc_elem_2393,8,7.022534027695656,0.00014615031371319065
cos_elem_1482,9,9.802563071250916,0.00020400722337642584
cos_elem_1462,16,45.07885366678238,0.0009381639988141307
cos_elem_1421,20,40.15879901498556,0.0008357696881550053
cos_elem_1496,15,20.533758133649826,0.0004273407834135398
cos_elem_1564,3,3.573173940181732,7.436354031889495e-05
euc_elem_1590,4,2.8225649893283844,5.8742151627789854e-05
cos_elem_3183,8,10.36658799648285,0.00021574549611951354
cos_elem_3190,21,49.03255805373192,0.0010204469944113056
euc_elem_46,6,8.741133093833923,0.00018191714541136662
euc_elem_30,10,11.234397143125534,0.0002338060108175993
cos_elem_3192,6,5.642266154289246,0.00011742470242942746
cos_elem_3193,19,59.70229408144951,0.0012425014923372556
cos_elem_3195,19,37.45162117481232,0.0007794289300955466
cos_elem_3197,21,30.780137926340103,0.0006405845520047998
euc_elem_599,6,5.362556040287018,0.00011160348166368173
cos_elem_1642,13,17.473974972963333,0.00036366173720813356
cos_elem_753,7,13.089691936969757,0.0002724177021360616
euc_elem_31,11,19.78151085227728,0.0004116852984092801
euc_elem_1292,5,4.372125089168549,9.099100849568538e-05
cos_elem_736,2,1.619346022605896,3.370121501450644e-05
euc_elem_2762,1,1.7442400455474854,3.630046203300829e-05
cos_elem_1422,2,2.7526499032974243,5.728710538430979e-05
euc_elem_33,7,9.125136137008667,0.0001899088710485045
euc_elem_38,6,8.092277824878693,0.00016841341574081337
euc_elem_55,12,15.348941758275032,0.0003194363522184996
euc_elem_59,8,11.319186821579933,0.00023557062143491763
euc_elem_85,5,5.802347898483276,0.00012075626295180336
euc_elem_89,10,13.240223914384842,0.00027555051653558124
euc_elem_23,17,16.189694076776505,0.0003369337704751403
euc_elem_2781,18,41.912244617938995,0.0008722617327559981
cos_elem_762,5,6.688610076904297,0.00013920081514585953
cos_elem_767,16,66.32116854190826,0.001380250996292553
euc_elem_1260,9,7.883677035570145,0.00016407209526048138
euc_elem_1248,6,7.870142102241516,0.00016379041136343442
cos_elem_678,9,17.924514532089233,0.00037303819557013877
cos_elem_680,4,31.23600885272026,0.0006500719647592873
cos_elem_688,9,9.423163056373596,0.00019611129421774514
cos_elem_647,7,11.42842909693718,0.00023784413022123863
euc_elem_10,7,8.698176085948944,0.0001810231404618983
euc_elem_73,11,15.215921148657799,0.0003166679777614722
cos_elem_3088,14,15.574090838432312,0.00032412206944926685
euc_elem_2837,17,16.170885145664215,0.000336542326137266
euc_elem_2819,8,22.785426944494247,0.00047420166038263334
euc_elem_2821,7,6.468248099088669,0.00013461472527271707
euc_elem_1226,29,62.91268506646156,0.0013093149314393048
euc_elem_1227,6,5.097686916589737,0.00010609112595723342
euc_elem_1230,8,10.059088855981827,0.00020934594067791354
euc_elem_2823,7,5.593894064426422,0.00011641800084841225
cos_elem_3141,19,40.986478231847286,0.0008529950339804811
cos_elem_3169,7,19.385554179549217,0.0004034447983692929
euc_elem_1235,7,8.366741180419922,0.00017412544296017995
cos_elem_1678,10,12.246539980173111,0.0002548703435176861
euc_elem_2333,5,3.7139130234718323,7.72925487214793e-05
euc_elem_2335,7,5.52560593187809,0.00011499681414351826
euc_elem_2307,8,17.566273272037506,0.00036558261438888974
euc_elem_2343,6,6.37292093038559,0.0001326308124064498
cos_elem_1632,5,9.967048108577728,0.0002074304235647954
cos_elem_1575,12,19.75430391728878,0.00041111907800108247
euc_elem_1605,3,1.7815009951591492,3.707592277887569e-05
euc_elem_1623,15,24.945953384041786,0.0005191657169012926
euc_elem_1609,5,7.130708992481232,0.0001484016100368502
cos_elem_1623,10,12.6318718791008,0.0002628897247965634
euc_elem_2372,10,12.383184999227524,0.0002577141478087563
cos_elem_3158,7,7.533673018217087,0.00015678794444892432
cos_elem_1567,21,39.424421578645706,0.0008204861035854369
cos_elem_1661,6,8.367747038602829,0.00017414637649904258
cos_elem_1667,6,4.554731041193008,9.479133428535305e-05
cos_elem_1654,8,10.033585965633392,0.00020881518420022086
cos_elem_1604,10,13.793737024068832,0.00028707002136185033
cos_elem_1608,15,12.325288116931915,0.00025650921986150143
cos_elem_1609,5,5.743209958076477,0.00011952550657401736
cos_elem_1612,5,6.205451846122742,0.0001291455093654466
cos_elem_776,8,10.772053062915802,0.00022418388124163745
cos_elem_761,5,5.399483919143677,0.00011237201066736879
euc_elem_71,9,7.781311929225922,0.0001619417115063422
cos_elem_582,7,7.661315977573395,0.00015944440128909512
cos_elem_667,16,20.980058819055557,0.00043662902394398304
cos_elem_668,9,6.931509971618652,0.00014425595559422168
cos_elem_671,8,8.556061059236526,0.00017806549644686548
cos_elem_650,4,2.4774539917707443,5.155983248771845e-05
cos_elem_724,13,13.505955129861832,0.0002810808137690563
euc_elem_563,10,12.10460302233696,0.0002519164054045438
euc_elem_564,17,60.175428718328476,0.0012523481908844932
euc_elem_29,3,2.755661904811859,5.734979001702259e-05
euc_elem_14,4,5.918458089232445,0.00012317270418745483
cos_elem_754,17,21.511243350803852,0.00044768383487810414
cos_elem_756,15,19.038850158452988,0.00039622932582775714
cos_elem_772,18,36.250105291604996,0.0007544234374102013
cos_elem_1391,7,11.49810791015625,0.00023929425924460365
euc_elem_576,21,52.554864317178726,0.0010937518959420723
euc_elem_559,11,24.809084117412567,0.0005163172456547789
euc_elem_595,4,7.533037185668945,0.00015677471174317827
euc_elem_524,16,17.09589411318302,0.0003557932618048215
euc_elem_2422,6,4.522826999425888,9.412735947304255e-05
euc_elem_2405,7,4.630776911973953,9.637397209492374e-05
cos_elem_717,13,13.549677178263664,0.0002819907404514917
euc_elem_2812,5,8.493593156337738,0.0001767654381531417
euc_elem_2813,7,10.168136239051819,0.00021161539343989773
euc_elem_2816,8,6.591725990176201,0.0001371845002923773
euc_elem_2831,11,35.150918900966644,0.0007315475872986172
euc_elem_2835,12,12.294804006814957,0.00025587479612794743
euc_elem_2309,5,3.8122549057006836,7.933920266181036e-05
cos_elem_1380,7,18.665485188364983,0.000388458995731431
cos_elem_1390,10,191.08130073547363,0.003976711531346999
euc_elem_2427,1,1.795199990272522,3.736102106753886e-05
euc_elem_2433,7,36.40819041058421,0.0007577134449261607
cos_elem_1445,8,7.2066540122032166,0.00014998214897244644
euc_elem_2442,5,10.254136264324188,0.00021340519333596508
euc_elem_2443,4,4.242890954017639,8.8301436708597e-05
euc_elem_63,5,4.757040977478027,9.900173191941811e-05
euc_elem_84,4,6.101078987121582,0.00012697334102478746
cos_elem_1343,5,11.099520206451416,0.00023099900318618668
cos_elem_3057,10,8.363059908151627,0.00017404882971847074
cos_elem_3048,31,64.58982022479177,0.001344218832020305
euc_elem_2299,7,11.607593953609467,0.00024157284124004815
euc_elem_1520,5,4.774323835968971,9.936141621291536e-05
euc_elem_530,17,22.538202062249184,0.0004690565099347573
euc_elem_2731,8,14.530305027961731,0.00030239919519219337
cos_elem_824,9,9.86219996213913,0.00020524836372232057
euc_elem_2743,6,16.87517946958542,0.0003511998323852321
cos_elem_1691,20,27.50592204928398,0.0005724428134658006
cos_elem_1680,7,11.152442038059235,0.0002321003922661478
cos_elem_1683,13,40.44359427690506,0.000841696739089812
cos_elem_1713,9,11.212098985910416,0.00023334195002994585
cos_elem_1716,9,15.853060930967331,0.000329927889169014
cos_elem_3054,5,2.8645680248737335,5.961630286687946e-05
cos_elem_3055,5,5.506221950054169,0.00011459340206841772
cos_elem_3056,8,20.06422348320484,0.0004175690064180689
euc_elem_2802,9,26.735309660434723,0.000556405120812776
cos_elem_1705,3,39.405434995889664,0.0008200909620289569
cos_elem_1655,10,11.698612093925476,0.00024346707624244384
cos_elem_1659,6,2.7663396298885345,5.757201078000426e-05
cos_elem_1644,2,1.9686959385871887,4.097175291649174e-05
cos_elem_1647,6,8.811339944601059,0.00018337826375183536
cos_elem_3077,10,14.38658583164215,0.00029940816580794607
cos_elem_3064,3,1.089165985584259,2.26673092435138e-05
cos_elem_3068,9,12.88692992925644,0.0002681978961629545
cos_elem_3050,24,74.36206495761871,0.0015475950816407546
euc_elem_1637,6,6.94687283039093,0.00014457568158205526
euc_elem_1638,4,4.409961998462677,9.177845589593513e-05
euc_elem_1641,16,25.267780907452106,0.0005258634692115639
cos_elem_3074,6,4.827285051345825,0.00010046362493293475
cos_elem_1719,6,6.2098738849163055,0.00012923753915902004
cos_elem_1721,11,11.041467010974884,0.00022979082210831836
cos_elem_618,5,6.06993693113327,0.00012632522437139488
cos_elem_600,7,8.132078975439072,0.00016924174218502913
cos_elem_613,6,4.856073021888733,0.00010106274925321842
euc_elem_1646,5,18.103935718536377,0.0003767722412269666
euc_elem_682,21,38.37166991829872,0.0007985766354625346
euc_elem_699,5,6.954215884208679,0.00014472850243202827
euc_elem_704,14,25.567390769720078,0.0005320988359879067
euc_elem_705,7,10.949093073606491,0.00022786837077208135
cos_elem_1353,2,2.34867000579834,4.8879629034538715e-05
cos_elem_3099,5,5.310722053050995,0.0001105247323880394
cos_elem_3078,7,9.879642128944397,0.0002056113634800112
cos_elem_3085,10,28.32791167497635,0.0005895497496785894
cos_elem_3104,3,2.3213239908218384,4.831051414640015e-05
cos_elem_633,6,4.402570009231567,9.16246166207062e-05
cos_elem_634,7,9.149817168712616,0.0001904225233159156
cos_elem_575,7,6.252629995346069,0.0001301273631068744
cos_elem_1423,6,8.940972000360489,0.00018607611691165028
cos_elem_1451,17,18.367094978690147,0.0003822490119020993
cos_elem_1438,14,18.15440095961094,0.0003778225046768227
cos_elem_1405,4,1.6685929894447327,3.472612420320294e-05
cos_elem_1395,1,0.36868101358413696,7.672849370741975e-06
cos_elem_1367,7,5.657095029950142,0.0001177333153633494
cos_elem_1351,12,31.203959807753563,0.000649404972195404
cos_elem_1352,2,10.960148707032204,0.00022809845642023823
cos_elem_2976,7,6.890051007270813,0.0001433931273584646
cos_elem_2981,8,7.938003957271576,0.0001652027265423552
cos_elem_2971,18,32.18447121977806,0.0006698110036794218
cos_elem_1830,4,2.411630004644394,5.018992864240723e-05
cos_elem_1832,6,6.951469987630844,0.00014467135587429116
euc_elem_2850,9,7.799093067646027,0.0001623117658126691
euc_elem_2853,19,30.617235898971558,0.0006371942968190602
euc_elem_2867,7,5.423425018787384,0.00011287026374948518
cos_elem_1780,51,90.70884653925896,0.0018877980976653953
euc_elem_1672,12,12.499959006905556,0.00026014440415046767
euc_elem_1657,15,16.296166867017746,0.0003391496417880177
euc_elem_1661,5,4.997893989086151,0.00010401427341319634
cos_elem_1738,8,23.50876058638096,0.00048925540569225
euc_elem_2274,5,5.803633898496628,0.00012078302669615052
cos_elem_1745,6,11.423148065805435,0.00023773422340503958
euc_elem_696,29,68.6758514046669,0.0014292557626247673
cos_elem_1732,3,3.7223459780216217,7.746805217196029e-05
cos_elem_1733,4,3.3497639894485474,6.971401718984612e-05
cos_elem_1736,6,11.51939970254898,0.00023973737594940584
cos_elem_1746,11,14.106576800346375,0.0002935807240889014
euc_elem_2281,10,10.365748077630997,0.00021572801604704858
euc_elem_2267,6,6.3611109405756,0.00013238502737943924
euc_elem_2278,13,22.4968418776989,0.00046819573746666816
cos_elem_1758,7,5.907138973474503,0.00012293713504496937
cos_elem_3016,3,3.890589952468872,8.096948193347448e-05
cos_elem_3017,2,1.6362459659576416,3.4052930223411346e-05
cos_elem_3008,7,14.771409288048744,0.00030741696557398624
cos_elem_3024,3,5.149398922920227,0.00010716733661255148
cos_elem_3032,6,8.159178972244263,0.00016980573703632995
cos_elem_1788,7,6.309641033411026,0.00013131385520010562
cos_elem_1726,9,13.604042947292328,0.00028312218020920055
cos_elem_1798,2,1.3702940344810486,2.8518039532296053e-05
euc_elem_2749,3,1.461285948753357,3.0411728728220864e-05
cos_elem_760,15,15.58253301680088,0.0003242977648623646
euc_elem_2754,17,26.43435299396515,0.0005501417248583903
euc_elem_556,24,47.25055906176567,0.0009833607075118293
euc_elem_544,7,3.8068200796842575,7.922609512482375e-05
euc_elem_1534,12,13.678059056401253,0.00028466257538897993
cos_elem_2974,7,7.400072008371353,0.00015400749092255524
cos_elem_3035,12,17.46512085199356,0.0003634774686019177
euc_elem_1542,9,28.829812861979008,0.0005999951267524732
euc_elem_546,4,3.997654974460602,8.319767854884004e-05
euc_elem_535,1,0.40001800656318665,8.3250229788233e-06
euc_elem_1300,9,9.886398047208786,0.00020575196508761708
euc_elem_553,5,6.523076921701431,0.00013575580192592762
euc_elem_1305,9,11.383311726152897,0.00023690516461878915
euc_elem_2745,12,16.730554044246674,0.00034818994290647696
euc_elem_2746,7,25.669726461172104,0.0005342286075704699
cos_elem_1330,6,17.859848588705063,0.0003716923924918079
cos_elem_1267,16,24.635391995310783,0.0005127024311114003
euc_elem_1310,10,10.65726500749588,0.00022179495578481716
euc_elem_1311,7,6.189325973391533,0.0001288099038206005
euc_elem_1528,6,5.664973080158234,0.00011789727035521132
euc_elem_1529,4,3.870089054107666,8.054282501517747e-05
euc_elem_120,7,13.631264984607697,0.0002836887149212949
euc_elem_1541,4,4.264547914266586,8.875215314827175e-05
euc_elem_674,6,4.859098970890045,0.0001011257241557362
euc_elem_676,9,10.225186079740524,0.00021280269307861203
euc_elem_678,7,9.692030787467957,0.00020170686742420046
euc_elem_1205,3,3.7864139676094055,7.880141086275478e-05
euc_elem_2842,12,14.702100098133087,0.00030597452901057036
euc_elem_2849,16,19.236472479999065,0.0004003421666024377
cos_elem_3013,7,8.969373047351837,0.0001866671887257844
cos_elem_1272,4,1.7103269845247269,3.559467627420619e-05
cos_elem_1819,10,9.97334110736847,0.0002075613910679554
cos_elem_1827,9,22.211763620376587,0.0004622627969389116
euc_elem_2250,9,10.551995038986206,0.00021960411714144572
euc_elem_2237,8,23.681769371032715,0.0004928559988758888
euc_elem_2243,6,5.670615941286087,0.00011801470744000482
euc_elem_1211,11,10.384823024272919,0.00021612499659919466
cos_elem_1900,11,30.45207715034485,0.0006337570756067349
euc_elem_2186,7,11.032583966851234,0.00022960595156439796
cos_elem_1799,10,10.849804878234863,0.00022580202252167045
cos_elem_1764,24,71.85530444979668,0.0014954253330603773
euc_elem_2260,5,6.226140156388283,0.00012957606662918932
cos_elem_1853,11,13.512586206197739,0.0002812188172138138
cos_elem_1839,10,21.715376794338226,0.0004519321826531725
cos_elem_1877,11,10.63378281146288,0.0002213062532305308
cos_elem_1856,14,67.96947634220123,0.001414554952835682
cos_elem_1859,16,16.12012806534767,0.00033548598903983474
cos_elem_2999,9,9.209885098040104,0.00019167263427026507
euc_elem_1704,11,13.807444214820862,0.00028735529021503564
cos_elem_1862,7,4.449449986219406,9.260026491470073e-05
cos_elem_1800,5,4.813903868198395,0.00010018514082632341
cos_elem_1801,11,19.260020077228546,0.00040083223026161083
cos_elem_1802,3,6.381890058517456,0.00013281747449808741
cos_elem_1870,2,1.0867480039596558,2.2616987127366726e-05
cos_elem_1822,9,14.704696118831635,0.0003060285564083732
euc_elem_1190,15,13.516513407230377,0.0002813005486316569
euc_elem_1191,3,3.2703939974308014,6.806219903032438e-05
euc_elem_1193,11,20.84208193421364,0.00043375750136747624
euc_elem_1220,2,4.054050087928772,8.437135225305541e-05
cos_elem_2987,7,38.06692171096802,0.0007922343313983236
euc_elem_1678,6,3.550464004278183,7.389090974941386e-05
euc_elem_1679,9,13.725905120372772,0.0002856583295187287
euc_elem_1682,7,10.145844995975494,0.00021115147654667752
euc_elem_714,5,6.396384000778198,0.0001331191169251649
euc_elem_736,12,20.928765013813972,0.00043556151673105454
cos_elem_1932,3,3.7610890567302704,7.827435842624866e-05
cos_elem_522,4,1.5293779969215393,3.182883459939299e-05
cos_elem_525,2,1.118179976940155,2.327113742320116e-05
cos_elem_526,12,22.121592923998833,0.0004603861986182239
euc_elem_771,10,21.166153967380524,0.00044050196556319525
euc_elem_2910,23,35.2570940181613,0.0007337572635529913
cos_elem_561,5,5.3871899247169495,0.00011211615271991446
euc_elem_2893,13,19.33024474978447,0.00040229371950238597
euc_elem_2876,15,17.244370877742767,0.0003588833038941792
euc_elem_1705,4,6.0191298723220825,0.00012526784714049578
euc_elem_1691,13,17.12870577722788,0.0003564761257076086
euc_elem_1693,26,87.76334646344185,0.001826497467661306
euc_elem_711,13,17.29086436331272,0.0003598509086754263
cos_elem_529,9,15.184585943818092,0.00031601584136746843
euc_elem_727,4,3.637941986322403,7.571146832105454e-05
euc_elem_733,20,27.68200570344925,0.0005761073996670957
euc_elem_738,9,22.017265662550926,0.0004582149792365425
cos_elem_540,5,4.038790941238403,8.405378468172037e-05
cos_elem_542,12,12.347400158643723,0.00025696940728391543
cos_elem_543,18,118.32279911637306,0.0024624892014877406
cos_elem_555,5,14.008410036563873,0.0002915377146472328
cos_elem_560,4,5.115096032619476,0.00010645343787472379
euc_elem_2191,12,22.961732640862465,0.00047787086764200954
cos_elem_1909,14,52.93142354488373,0.0011015887037159665
euc_elem_2194,9,6.828425049781799,0.0001421105913131604
euc_elem_2199,17,45.403357338160276,0.0009449174461005263
euc_elem_2221,16,20.101789832115173,0.0004183508230182664
euc_elem_2886,7,7.5409740805625916,0.00015693989138830926
euc_elem_743,11,32.81170308589935,0.0006828647152944892
euc_elem_744,9,33.52207165956497,0.0006976486365234603
euc_elem_1492,10,25.233605206012726,0.0005251522174800614
euc_elem_99,4,5.374663949012756,0.00011185546686613122
euc_elem_1518,10,10.643029138445854,0.00022149868427948367
cos_elem_1374,8,6.654081918299198,0.00013848222820955243
cos_elem_809,10,13.61704908311367,0.0002833928589731608
euc_elem_2203,5,5.425334930419922,0.00011291001210572795
cos_elem_2932,3,3.62616890668869,7.546645145462832e-05
euc_elem_1712,4,2.7378260493278503,5.697859695992232e-05
euc_elem_2481,10,10.84464716911316,0.00022569468223635386
euc_elem_2468,9,7.332988023757935,0.00015261136448760807
euc_elem_2469,4,2.9466320276260376,6.132418775565442e-05
cos_elem_1306,2,2.9700798988342285,6.181217595471027e-05
