Drug A,Drug B,Strain,Score,Interaction Type,Method,PMID,Drug A Inchikey,Drug B Inchikey,Specie,Drug Pair
amikacin,levofloxacin,acinetobacter,5,Antagonism,FICI,28207768,LKCWBDHBTVXHDL-RMDFUYIESA-N,GSDSWSVVBLHKDQ-JTQLQIEISA-N,nan,"('GSDSWSVVBLHKDQ-JTQLQIEISA-N', 'LKCWBDHBTVXHDL-RMDFUYIESA-N')"
amikacin,levofloxacin,citrobacter,4,Indifferent,FICI,28207768,LKCWBDHBTVXHDL-RMDFUYIESA-N,GSDSWSVVBLHKDQ-JTQLQIEISA-N,nan,"('GSDSWSVVBLHKDQ-JTQLQIEISA-N', 'LKCWBDHBTVXHDL-RMDFUYIESA-N')"
amikacin,levofloxacin,escherichia coli,2.13,Indifferent,FICI,28207768,LKCWBDHBTVXHDL-RMDFUYIESA-N,GSDSWSVVBLHKDQ-JTQLQIEISA-N,nan,"('GSDSWSVVBLHKDQ-JTQLQIEISA-N', 'LKCWBDHBTVXHDL-RMDFUYIESA-N')"
amikacin,levofloxacin,klebsiella pneumoniae,8,Antagonism,FICI,28207768,LKCWBDHBTVXHDL-RMDFUYIESA-N,GSDSWSVVBLHKDQ-JTQLQIEISA-N,nan,"('GSDSWSVVBLHKDQ-JTQLQIEISA-N', 'LKCWBDHBTVXHDL-RMDFUYIESA-N')"
amikacin,levofloxacin,multidrug-resistant acinetobacter baumannii,1.1,Indifference,FICI,29872329,LKCWBDHBTVXHDL-RMDFUYIESA-N,GSDSWSVVBLHKDQ-JTQLQIEISA-N,nan,"('GSDSWSVVBLHKDQ-JTQLQIEISA-N', 'LKCWBDHBTVXHDL-RMDFUYIESA-N')"
amikacin,levofloxacin,multidrug-resistant enterobacter cloacae,1.3,Indifference,FICI,29872329,LKCWBDHBTVXHDL-RMDFUYIESA-N,GSDSWSVVBLHKDQ-JTQLQIEISA-N,nan,"('GSDSWSVVBLHKDQ-JTQLQIEISA-N', 'LKCWBDHBTVXHDL-RMDFUYIESA-N')"
amikacin,levofloxacin,multidrug-resistant escherichia coli,2.75,Indifference,FICI,29872329,LKCWBDHBTVXHDL-RMDFUYIESA-N,GSDSWSVVBLHKDQ-JTQLQIEISA-N,nan,"('GSDSWSVVBLHKDQ-JTQLQIEISA-N', 'LKCWBDHBTVXHDL-RMDFUYIESA-N')"
amikacin,levofloxacin,multidrug-resistant klebsiella ornithinolytica,1.1,Indifference,FICI,29872329,LKCWBDHBTVXHDL-RMDFUYIESA-N,GSDSWSVVBLHKDQ-JTQLQIEISA-N,nan,"('GSDSWSVVBLHKDQ-JTQLQIEISA-N', 'LKCWBDHBTVXHDL-RMDFUYIESA-N')"
amikacin,levofloxacin,multidrug-resistant klebsiella oxytoca,2,Indifference,FICI,29872329,LKCWBDHBTVXHDL-RMDFUYIESA-N,GSDSWSVVBLHKDQ-JTQLQIEISA-N,nan,"('GSDSWSVVBLHKDQ-JTQLQIEISA-N', 'LKCWBDHBTVXHDL-RMDFUYIESA-N')"
amikacin,levofloxacin,multidrug-resistant klebsiella pneumoniae,1,Additivity,FICI,29872329,LKCWBDHBTVXHDL-RMDFUYIESA-N,GSDSWSVVBLHKDQ-JTQLQIEISA-N,nan,"('GSDSWSVVBLHKDQ-JTQLQIEISA-N', 'LKCWBDHBTVXHDL-RMDFUYIESA-N')"
amikacin,levofloxacin,multidrug-resistant pseudomonas aeruginosa,0.6,Additivity,FICI,29872329,LKCWBDHBTVXHDL-RMDFUYIESA-N,GSDSWSVVBLHKDQ-JTQLQIEISA-N,nan,"('GSDSWSVVBLHKDQ-JTQLQIEISA-N', 'LKCWBDHBTVXHDL-RMDFUYIESA-N')"
amikacin,levofloxacin,mycobacterium fortuitum atcc35752,1.01,Indifferent,FICI,28662943,LKCWBDHBTVXHDL-RMDFUYIESA-N,GSDSWSVVBLHKDQ-JTQLQIEISA-N,nan,"('GSDSWSVVBLHKDQ-JTQLQIEISA-N', 'LKCWBDHBTVXHDL-RMDFUYIESA-N')"
amikacin,gatifloxacin,mycobacterium fortuitum atcc35752,1.01,Indifferent,FICI,28662943,LKCWBDHBTVXHDL-RMDFUYIESA-N,XUBOMFCQGDBHNK-UHFFFAOYSA-N,nan,"('LKCWBDHBTVXHDL-RMDFUYIESA-N', 'XUBOMFCQGDBHNK-UHFFFAOYSA-N')"
amikacin,besifloxacin,mycobacterium fortuitum atcc35752,1.07,Indifferent,FICI,28662943,LKCWBDHBTVXHDL-RMDFUYIESA-N,QFFGVLORLPOAEC-SNVBAGLBSA-N,nan,"('LKCWBDHBTVXHDL-RMDFUYIESA-N', 'QFFGVLORLPOAEC-SNVBAGLBSA-N')"
amikacin,levofloxacin,mycobacterium fortuitum atcc49404,0.5,Synergy,FICI,28662943,LKCWBDHBTVXHDL-RMDFUYIESA-N,GSDSWSVVBLHKDQ-JTQLQIEISA-N,nan,"('GSDSWSVVBLHKDQ-JTQLQIEISA-N', 'LKCWBDHBTVXHDL-RMDFUYIESA-N')"
amikacin,gatifloxacin,mycobacterium fortuitum atcc49404,0.5,Synergy,FICI,28662943,LKCWBDHBTVXHDL-RMDFUYIESA-N,XUBOMFCQGDBHNK-UHFFFAOYSA-N,nan,"('LKCWBDHBTVXHDL-RMDFUYIESA-N', 'XUBOMFCQGDBHNK-UHFFFAOYSA-N')"
amikacin,besifloxacin,mycobacterium fortuitum atcc49404,1.07,Indifferent,FICI,28662943,LKCWBDHBTVXHDL-RMDFUYIESA-N,QFFGVLORLPOAEC-SNVBAGLBSA-N,nan,"('LKCWBDHBTVXHDL-RMDFUYIESA-N', 'QFFGVLORLPOAEC-SNVBAGLBSA-N')"
amikacin,levofloxacin,proteus,8,Antagonism,FICI,28207768,LKCWBDHBTVXHDL-RMDFUYIESA-N,GSDSWSVVBLHKDQ-JTQLQIEISA-N,nan,"('GSDSWSVVBLHKDQ-JTQLQIEISA-N', 'LKCWBDHBTVXHDL-RMDFUYIESA-N')"
amikacin,cefoperazone,pseudomonas testosteroni,0.19,Synergy,FICI,10382886,LKCWBDHBTVXHDL-RMDFUYIESA-N,GCFBRXLSHGKWDP-XCGNWRKASA-N,nan,"('GCFBRXLSHGKWDP-XCGNWRKASA-N', 'LKCWBDHBTVXHDL-RMDFUYIESA-N')"
amikacin,ceftriaxone,pseudomonas testosteroni,0.75,Additivity,FICI,10382886,LKCWBDHBTVXHDL-RMDFUYIESA-N,VAAUVRVFOQPIGI-SPQHTLEESA-N,nan,"('LKCWBDHBTVXHDL-RMDFUYIESA-N', 'VAAUVRVFOQPIGI-SPQHTLEESA-N')"
amikacin,ceftazidime,pseudomonas testosteroni,0.31,Synergy,FICI,10382886,LKCWBDHBTVXHDL-RMDFUYIESA-N,ORFOPKXBNMVMKC-DWVKKRMSSA-N,nan,"('LKCWBDHBTVXHDL-RMDFUYIESA-N', 'ORFOPKXBNMVMKC-DWVKKRMSSA-N')"
amikacin,ciprofloxacin,acinetobacter baumannii,0.78,Additivity,FICI,32845920,LKCWBDHBTVXHDL-RMDFUYIESA-N,MYSWGUAQZAJSOK-UHFFFAOYSA-N,nan,"('LKCWBDHBTVXHDL-RMDFUYIESA-N', 'MYSWGUAQZAJSOK-UHFFFAOYSA-N')"
amikacin,levofloxacin,acinetobacter baumannii,1.57,Indifferent,FICI,32845920,LKCWBDHBTVXHDL-RMDFUYIESA-N,GSDSWSVVBLHKDQ-JTQLQIEISA-N,nan,"('GSDSWSVVBLHKDQ-JTQLQIEISA-N', 'LKCWBDHBTVXHDL-RMDFUYIESA-N')"
amikacin,fosfomycin,carbapenem,0.31,Synergy,FICI,33668905,LKCWBDHBTVXHDL-RMDFUYIESA-N,YMDXZJFXQJVXBF-STHAYSLISA-N,nan,"('LKCWBDHBTVXHDL-RMDFUYIESA-N', 'YMDXZJFXQJVXBF-STHAYSLISA-N')"
amikacin,fosfomycin,carbapenem,0.63,Additivity,FICI,33668905,LKCWBDHBTVXHDL-RMDFUYIESA-N,YMDXZJFXQJVXBF-STHAYSLISA-N,nan,"('LKCWBDHBTVXHDL-RMDFUYIESA-N', 'YMDXZJFXQJVXBF-STHAYSLISA-N')"
amikacin,fosfomycin,carbapenem,0.56,Additivity,FICI,33668905,LKCWBDHBTVXHDL-RMDFUYIESA-N,YMDXZJFXQJVXBF-STHAYSLISA-N,nan,"('LKCWBDHBTVXHDL-RMDFUYIESA-N', 'YMDXZJFXQJVXBF-STHAYSLISA-N')"
amikacin,ciprofloxacin,pseudomonas aeruginosa,1,Additivity,FICI,33582141,LKCWBDHBTVXHDL-RMDFUYIESA-N,MYSWGUAQZAJSOK-UHFFFAOYSA-N,nan,"('LKCWBDHBTVXHDL-RMDFUYIESA-N', 'MYSWGUAQZAJSOK-UHFFFAOYSA-N')"
ampicillin,gentamicin,escherichia coli mg1655,0.4,Synergy,FICI,32941420,AVKUERGKIZMTKX-NJBDSQKTSA-N,CEAZRRDELHUEMR-UHFFFAOYSA-N,nan,"('AVKUERGKIZMTKX-NJBDSQKTSA-N', 'CEAZRRDELHUEMR-UHFFFAOYSA-N')"
ampicillin,ciprofloxacin,escherichia coli mg1655,1.12,Indifferent,FICI,32941420,AVKUERGKIZMTKX-NJBDSQKTSA-N,MYSWGUAQZAJSOK-UHFFFAOYSA-N,nan,"('AVKUERGKIZMTKX-NJBDSQKTSA-N', 'MYSWGUAQZAJSOK-UHFFFAOYSA-N')"
ampicillin,cefotaxime,escherichia coli mg1655,1.16,Indifferent,FICI,32941420,AVKUERGKIZMTKX-NJBDSQKTSA-N,GPRBEKHLDVQUJE-QSWIMTSFSA-N,nan,"('AVKUERGKIZMTKX-NJBDSQKTSA-N', 'GPRBEKHLDVQUJE-QSWIMTSFSA-N')"
ampicillin,gentamicin,pseudomonas aeruginosa pa14,1.9,Indifferent,FICI,32941420,AVKUERGKIZMTKX-NJBDSQKTSA-N,CEAZRRDELHUEMR-UHFFFAOYSA-N,pseudomonas aeruginosa,"('AVKUERGKIZMTKX-NJBDSQKTSA-N', 'CEAZRRDELHUEMR-UHFFFAOYSA-N')"
ampicillin,ciprofloxacin,pseudomonas aeruginosa pa14,1.72,Indifferent,FICI,32941420,AVKUERGKIZMTKX-NJBDSQKTSA-N,MYSWGUAQZAJSOK-UHFFFAOYSA-N,pseudomonas aeruginosa,"('AVKUERGKIZMTKX-NJBDSQKTSA-N', 'MYSWGUAQZAJSOK-UHFFFAOYSA-N')"
ampicillin,cefotaxime,pseudomonas aeruginosa pa14,1.78,Indifferent,FICI,32941420,AVKUERGKIZMTKX-NJBDSQKTSA-N,GPRBEKHLDVQUJE-QSWIMTSFSA-N,pseudomonas aeruginosa,"('AVKUERGKIZMTKX-NJBDSQKTSA-N', 'GPRBEKHLDVQUJE-QSWIMTSFSA-N')"
ampicillin,gentamicin,staphylococcus aureus atcc29213,1.08,Indifferent,FICI,32941420,AVKUERGKIZMTKX-NJBDSQKTSA-N,CEAZRRDELHUEMR-UHFFFAOYSA-N,nan,"('AVKUERGKIZMTKX-NJBDSQKTSA-N', 'CEAZRRDELHUEMR-UHFFFAOYSA-N')"
ampicillin,ciprofloxacin,staphylococcus aureus atcc29213,1.79,Indifferent,FICI,32941420,AVKUERGKIZMTKX-NJBDSQKTSA-N,MYSWGUAQZAJSOK-UHFFFAOYSA-N,nan,"('AVKUERGKIZMTKX-NJBDSQKTSA-N', 'MYSWGUAQZAJSOK-UHFFFAOYSA-N')"
ampicillin,cefotaxime,staphylococcus aureus atcc29213,1.11,Indifferent,FICI,32941420,AVKUERGKIZMTKX-NJBDSQKTSA-N,GPRBEKHLDVQUJE-QSWIMTSFSA-N,nan,"('AVKUERGKIZMTKX-NJBDSQKTSA-N', 'GPRBEKHLDVQUJE-QSWIMTSFSA-N')"
ampicillin,ciprofloxacin,acinetobacter baumannii,0.97,Additivity,FICI,32845920,AVKUERGKIZMTKX-NJBDSQKTSA-N,MYSWGUAQZAJSOK-UHFFFAOYSA-N,nan,"('AVKUERGKIZMTKX-NJBDSQKTSA-N', 'MYSWGUAQZAJSOK-UHFFFAOYSA-N')"
ampicillin,levofloxacin,acinetobacter baumannii,1.34,Indifferent,FICI,32845920,AVKUERGKIZMTKX-NJBDSQKTSA-N,GSDSWSVVBLHKDQ-JTQLQIEISA-N,nan,"('AVKUERGKIZMTKX-NJBDSQKTSA-N', 'GSDSWSVVBLHKDQ-JTQLQIEISA-N')"
ampicillin,ciprofloxacin,acinetobacter baumannii atcc baa-1710,2,Indifferent,FICI,33972678,AVKUERGKIZMTKX-NJBDSQKTSA-N,MYSWGUAQZAJSOK-UHFFFAOYSA-N,nan,"('AVKUERGKIZMTKX-NJBDSQKTSA-N', 'MYSWGUAQZAJSOK-UHFFFAOYSA-N')"
ampicillin,nalidixic acid,acinetobacter baumannii atcc baa-1710,2,Indifferent,FICI,33972678,AVKUERGKIZMTKX-NJBDSQKTSA-N,MHWLWQUZZRMNGJ-UHFFFAOYSA-N,nan,"('AVKUERGKIZMTKX-NJBDSQKTSA-N', 'MHWLWQUZZRMNGJ-UHFFFAOYSA-N')"
ampicillin,rifampicin,escherichia coli bw25113,-1,Synergy,Loewe,26956793,AVKUERGKIZMTKX-NJBDSQKTSA-N,JQXXHWHPUNPDRT-WLSIYKJHSA-N,escherichia coli,"('AVKUERGKIZMTKX-NJBDSQKTSA-N', 'JQXXHWHPUNPDRT-WLSIYKJHSA-N')"
ampicillin,aztreonam,escherichia coli bw25113,-0.99,Synergy,Loewe,26956793,AVKUERGKIZMTKX-NJBDSQKTSA-N,WZPBZJONDBGPKJ-VEHQQRBSSA-N,escherichia coli,"('AVKUERGKIZMTKX-NJBDSQKTSA-N', 'WZPBZJONDBGPKJ-VEHQQRBSSA-N')"
ampicillin,gentamicin,listeria monocytogenes atcc51774,0.37,Synergy,FICI,19291208,AVKUERGKIZMTKX-NJBDSQKTSA-N,CEAZRRDELHUEMR-UHFFFAOYSA-N,nan,"('AVKUERGKIZMTKX-NJBDSQKTSA-N', 'CEAZRRDELHUEMR-UHFFFAOYSA-N')"
azithromycin,rifabutin,haemophilus ducreyi 35000,0.75,Additivity,FICI,16046468,MQTOSJVFKKJCRP-BICOPXKESA-N,ATEBXHFBFRCZMA-VXTBVIBXSA-N,nan,"('ATEBXHFBFRCZMA-VXTBVIBXSA-N', 'MQTOSJVFKKJCRP-BICOPXKESA-N')"
azithromycin,rifabutin,haemophilus ducreyi ro34,1.08,Indifferent,FICI,16046468,MQTOSJVFKKJCRP-BICOPXKESA-N,ATEBXHFBFRCZMA-VXTBVIBXSA-N,nan,"('ATEBXHFBFRCZMA-VXTBVIBXSA-N', 'MQTOSJVFKKJCRP-BICOPXKESA-N')"
azithromycin,rifabutin,haemophilus ducreyi ro40,0.69,Additivity,FICI,16046468,MQTOSJVFKKJCRP-BICOPXKESA-N,ATEBXHFBFRCZMA-VXTBVIBXSA-N,nan,"('ATEBXHFBFRCZMA-VXTBVIBXSA-N', 'MQTOSJVFKKJCRP-BICOPXKESA-N')"
azithromycin,cefixime,haemophilus influenzae,0.44,Synergy,FICI,25859454,MQTOSJVFKKJCRP-BICOPXKESA-N,OKBVVJOGVLARMR-QSWIMTSFSA-N,nan,"('MQTOSJVFKKJCRP-BICOPXKESA-N', 'OKBVVJOGVLARMR-QSWIMTSFSA-N')"
azithromycin,minocycline,klebsiella pneumoniae,0.38,Synergy,FICI,31353294,MQTOSJVFKKJCRP-BICOPXKESA-N,WTJXVDPDEQKTCV-VQAITOIOSA-N,nan,"('MQTOSJVFKKJCRP-BICOPXKESA-N', 'WTJXVDPDEQKTCV-VQAITOIOSA-N')"
azithromycin,cefixime,klebsiella pneumoniae,0.38,Synergy,FICI,25859454,MQTOSJVFKKJCRP-BICOPXKESA-N,OKBVVJOGVLARMR-QSWIMTSFSA-N,nan,"('MQTOSJVFKKJCRP-BICOPXKESA-N', 'OKBVVJOGVLARMR-QSWIMTSFSA-N')"
azithromycin,cefixime,moraxella catarrhalis,0.47,Synergy,FICI,25859454,MQTOSJVFKKJCRP-BICOPXKESA-N,OKBVVJOGVLARMR-QSWIMTSFSA-N,nan,"('MQTOSJVFKKJCRP-BICOPXKESA-N', 'OKBVVJOGVLARMR-QSWIMTSFSA-N')"
azithromycin,minocycline,pseudomonas aeruginosa,0.53,Additivity,FICI,31353294,MQTOSJVFKKJCRP-BICOPXKESA-N,WTJXVDPDEQKTCV-VQAITOIOSA-N,nan,"('MQTOSJVFKKJCRP-BICOPXKESA-N', 'WTJXVDPDEQKTCV-VQAITOIOSA-N')"
azithromycin,minocycline,staphylococcus aureus,0.31,Synergy,FICI,31353294,MQTOSJVFKKJCRP-BICOPXKESA-N,WTJXVDPDEQKTCV-VQAITOIOSA-N,nan,"('MQTOSJVFKKJCRP-BICOPXKESA-N', 'WTJXVDPDEQKTCV-VQAITOIOSA-N')"
azithromycin,cefixime,streptococcus pneumoniae,0.47,Synergy,FICI,25859454,MQTOSJVFKKJCRP-BICOPXKESA-N,OKBVVJOGVLARMR-QSWIMTSFSA-N,streptococcus pneumoniae,"('MQTOSJVFKKJCRP-BICOPXKESA-N', 'OKBVVJOGVLARMR-QSWIMTSFSA-N')"
azithromycin,ceftriaxone,haemophilus ducreyi 35000,1.5,Indifferent,FICI,16046468,MQTOSJVFKKJCRP-BICOPXKESA-N,VAAUVRVFOQPIGI-SPQHTLEESA-N,nan,"('MQTOSJVFKKJCRP-BICOPXKESA-N', 'VAAUVRVFOQPIGI-SPQHTLEESA-N')"
azithromycin,streptomycin,haemophilus ducreyi 35000,1.5,Indifferent,FICI,16046468,MQTOSJVFKKJCRP-BICOPXKESA-N,UCSJYZPVAKXKNQ-HZYVHMACSA-N,nan,"('MQTOSJVFKKJCRP-BICOPXKESA-N', 'UCSJYZPVAKXKNQ-HZYVHMACSA-N')"
azithromycin,ceftriaxone,haemophilus ducreyi ro34,1.5,Indifferent,FICI,16046468,MQTOSJVFKKJCRP-BICOPXKESA-N,VAAUVRVFOQPIGI-SPQHTLEESA-N,nan,"('MQTOSJVFKKJCRP-BICOPXKESA-N', 'VAAUVRVFOQPIGI-SPQHTLEESA-N')"
azithromycin,streptomycin,haemophilus ducreyi ro34,1.5,Indifferent,FICI,16046468,MQTOSJVFKKJCRP-BICOPXKESA-N,UCSJYZPVAKXKNQ-HZYVHMACSA-N,nan,"('MQTOSJVFKKJCRP-BICOPXKESA-N', 'UCSJYZPVAKXKNQ-HZYVHMACSA-N')"
azithromycin,ceftriaxone,haemophilus ducreyi ro40,1.5,Indifferent,FICI,16046468,MQTOSJVFKKJCRP-BICOPXKESA-N,VAAUVRVFOQPIGI-SPQHTLEESA-N,nan,"('MQTOSJVFKKJCRP-BICOPXKESA-N', 'VAAUVRVFOQPIGI-SPQHTLEESA-N')"
azithromycin,streptomycin,haemophilus ducreyi ro40,1.5,Indifferent,FICI,16046468,MQTOSJVFKKJCRP-BICOPXKESA-N,UCSJYZPVAKXKNQ-HZYVHMACSA-N,nan,"('MQTOSJVFKKJCRP-BICOPXKESA-N', 'UCSJYZPVAKXKNQ-HZYVHMACSA-N')"
azithromycin,gentamicin,neisseria gonorrhoeae,1.5,Indifferent,FICI,28876284,MQTOSJVFKKJCRP-BICOPXKESA-N,CEAZRRDELHUEMR-UHFFFAOYSA-N,nan,"('CEAZRRDELHUEMR-UHFFFAOYSA-N', 'MQTOSJVFKKJCRP-BICOPXKESA-N')"
azithromycin,cefixime,neisseria gonorrhoeae,1.26,Indifferent,FICI,24468865,MQTOSJVFKKJCRP-BICOPXKESA-N,OKBVVJOGVLARMR-QSWIMTSFSA-N,nan,"('MQTOSJVFKKJCRP-BICOPXKESA-N', 'OKBVVJOGVLARMR-QSWIMTSFSA-N')"
azithromycin,ceftriaxone,neisseria gonorrhoeae,1.25,Indifferent,FICI,24468865,MQTOSJVFKKJCRP-BICOPXKESA-N,VAAUVRVFOQPIGI-SPQHTLEESA-N,nan,"('MQTOSJVFKKJCRP-BICOPXKESA-N', 'VAAUVRVFOQPIGI-SPQHTLEESA-N')"
azlocillin,gentamicin,pseudomonas aeruginosa,1,Additivity,FICI,33582141,JTWOMNBEOCYFNV-NFFDBFGFSA-N,CEAZRRDELHUEMR-UHFFFAOYSA-N,nan,"('CEAZRRDELHUEMR-UHFFFAOYSA-N', 'JTWOMNBEOCYFNV-NFFDBFGFSA-N')"
azlocillin,ciprofloxacin,pseudomonas aeruginosa,0.38,Synergy,FICI,33582141,JTWOMNBEOCYFNV-NFFDBFGFSA-N,MYSWGUAQZAJSOK-UHFFFAOYSA-N,nan,"('JTWOMNBEOCYFNV-NFFDBFGFSA-N', 'MYSWGUAQZAJSOK-UHFFFAOYSA-N')"
aztreonam,cefotaxime,enterobacter cloacae,0.04,Synergy,FICI,29800664,WZPBZJONDBGPKJ-VEHQQRBSSA-N,GPRBEKHLDVQUJE-QSWIMTSFSA-N,nan,"('GPRBEKHLDVQUJE-QSWIMTSFSA-N', 'WZPBZJONDBGPKJ-VEHQQRBSSA-N')"
aztreonam,fusidic acid,escherichia coli bw25113,-0.99,Synergy,Loewe,26956793,WZPBZJONDBGPKJ-VEHQQRBSSA-N,IECPWNUMDGFDKC-MZJAQBGESA-N,escherichia coli,"('IECPWNUMDGFDKC-MZJAQBGESA-N', 'WZPBZJONDBGPKJ-VEHQQRBSSA-N')"
aztreonam,clindamycin,escherichia coli bw25113,-0.91,Synergy,Loewe,26956793,WZPBZJONDBGPKJ-VEHQQRBSSA-N,KDLRVYVGXIQJDK-AWPVFWJPSA-N,escherichia coli,"('KDLRVYVGXIQJDK-AWPVFWJPSA-N', 'WZPBZJONDBGPKJ-VEHQQRBSSA-N')"
aztreonam,vancomycin,escherichia coli bw25113,-0.87,Synergy,Loewe,26956793,WZPBZJONDBGPKJ-VEHQQRBSSA-N,MYPYJXKWCTUITO-LYRMYLQWSA-N,escherichia coli,"('MYPYJXKWCTUITO-LYRMYLQWSA-N', 'WZPBZJONDBGPKJ-VEHQQRBSSA-N')"
aztreonam,gentamicin,escherichia coli bw25113,-0.75,Synergy,Loewe,26956793,WZPBZJONDBGPKJ-VEHQQRBSSA-N,CEAZRRDELHUEMR-UHFFFAOYSA-N,escherichia coli,"('CEAZRRDELHUEMR-UHFFFAOYSA-N', 'WZPBZJONDBGPKJ-VEHQQRBSSA-N')"
aztreonam,chloramphenicol,escherichia coli bw25113,-0.73,Synergy,Loewe,26956793,WZPBZJONDBGPKJ-VEHQQRBSSA-N,WIIZWVCIJKGZOK-RKDXNWHRSA-N,escherichia coli,"('WIIZWVCIJKGZOK-RKDXNWHRSA-N', 'WZPBZJONDBGPKJ-VEHQQRBSSA-N')"
aztreonam,trimethoprim,escherichia coli bw25113,-0.43,Synergy,Loewe,26956793,WZPBZJONDBGPKJ-VEHQQRBSSA-N,IEDVJHCEMCRBQM-UHFFFAOYSA-N,escherichia coli,"('IEDVJHCEMCRBQM-UHFFFAOYSA-N', 'WZPBZJONDBGPKJ-VEHQQRBSSA-N')"
aztreonam,ciprofloxacin,escherichia coli bw25113,-0.2,Additivity,Loewe,26956793,WZPBZJONDBGPKJ-VEHQQRBSSA-N,MYSWGUAQZAJSOK-UHFFFAOYSA-N,escherichia coli,"('MYSWGUAQZAJSOK-UHFFFAOYSA-N', 'WZPBZJONDBGPKJ-VEHQQRBSSA-N')"
aztreonam,nitrofurantoin,escherichia coli bw25113,0.28,Additivity,Loewe,26956793,WZPBZJONDBGPKJ-VEHQQRBSSA-N,NXFQHRVNIOXGAQ-YCRREMRBSA-N,escherichia coli,"('NXFQHRVNIOXGAQ-YCRREMRBSA-N', 'WZPBZJONDBGPKJ-VEHQQRBSSA-N')"
aztreonam,rifampicin,escherichia coli bw25113,0.99,Antagonism,Loewe,26956793,WZPBZJONDBGPKJ-VEHQQRBSSA-N,JQXXHWHPUNPDRT-WLSIYKJHSA-N,escherichia coli,"('JQXXHWHPUNPDRT-WLSIYKJHSA-N', 'WZPBZJONDBGPKJ-VEHQQRBSSA-N')"
aztreonam,fosfomycin,enterobacteriaceae,1.25,Indifferent,FICI,31213392,WZPBZJONDBGPKJ-VEHQQRBSSA-N,YMDXZJFXQJVXBF-STHAYSLISA-N,nan,"('WZPBZJONDBGPKJ-VEHQQRBSSA-N', 'YMDXZJFXQJVXBF-STHAYSLISA-N')"
aztreonam,levofloxacin,pseudomonas aeruginosa,1,Additivity,FICI,33582141,WZPBZJONDBGPKJ-VEHQQRBSSA-N,GSDSWSVVBLHKDQ-JTQLQIEISA-N,nan,"('GSDSWSVVBLHKDQ-JTQLQIEISA-N', 'WZPBZJONDBGPKJ-VEHQQRBSSA-N')"
cefazolin,fosfomycin,methicillin-resistant staphylococcus aureus 845/19,0.05,Synergy,FICI,34045971,MLYYVTUWGNIJIB-BXKDBHETSA-N,YMDXZJFXQJVXBF-STHAYSLISA-N,nan,"('MLYYVTUWGNIJIB-BXKDBHETSA-N', 'YMDXZJFXQJVXBF-STHAYSLISA-N')"
cefazolin,fosfomycin,methicillin-resistant staphylococcus aureus 856/18,0.04,Synergy,FICI,34045971,MLYYVTUWGNIJIB-BXKDBHETSA-N,YMDXZJFXQJVXBF-STHAYSLISA-N,nan,"('MLYYVTUWGNIJIB-BXKDBHETSA-N', 'YMDXZJFXQJVXBF-STHAYSLISA-N')"
cefazolin,fosfomycin,methicillin-resistant staphylococcus aureus 874/19,0.13,Synergy,FICI,34045971,MLYYVTUWGNIJIB-BXKDBHETSA-N,YMDXZJFXQJVXBF-STHAYSLISA-N,nan,"('MLYYVTUWGNIJIB-BXKDBHETSA-N', 'YMDXZJFXQJVXBF-STHAYSLISA-N')"
cefazolin,fosfomycin,methicillin-resistant staphylococcus aureus atcc33592,0.14,Synergy,FICI,34045971,MLYYVTUWGNIJIB-BXKDBHETSA-N,YMDXZJFXQJVXBF-STHAYSLISA-N,nan,"('MLYYVTUWGNIJIB-BXKDBHETSA-N', 'YMDXZJFXQJVXBF-STHAYSLISA-N')"
cefazolin,fosfomycin,methicillin-resistant staphylococcus aureus dsmz23622,0.31,Synergy,FICI,34045971,MLYYVTUWGNIJIB-BXKDBHETSA-N,YMDXZJFXQJVXBF-STHAYSLISA-N,nan,"('MLYYVTUWGNIJIB-BXKDBHETSA-N', 'YMDXZJFXQJVXBF-STHAYSLISA-N')"
cefazolin,fosfomycin,methicillin-sensitive staphylococcus aureus 204/20,0.34,Synergy,FICI,34045971,MLYYVTUWGNIJIB-BXKDBHETSA-N,YMDXZJFXQJVXBF-STHAYSLISA-N,nan,"('MLYYVTUWGNIJIB-BXKDBHETSA-N', 'YMDXZJFXQJVXBF-STHAYSLISA-N')"
cefazolin,fosfomycin,methicillin-sensitive staphylococcus aureus 231/20,0.25,Synergy,FICI,34045971,MLYYVTUWGNIJIB-BXKDBHETSA-N,YMDXZJFXQJVXBF-STHAYSLISA-N,nan,"('MLYYVTUWGNIJIB-BXKDBHETSA-N', 'YMDXZJFXQJVXBF-STHAYSLISA-N')"
cefazolin,fosfomycin,methicillin-sensitive staphylococcus aureus 249/20,0.5,Synergy,FICI,34045971,MLYYVTUWGNIJIB-BXKDBHETSA-N,YMDXZJFXQJVXBF-STHAYSLISA-N,nan,"('MLYYVTUWGNIJIB-BXKDBHETSA-N', 'YMDXZJFXQJVXBF-STHAYSLISA-N')"
cefazolin,fosfomycin,methicillin-sensitive staphylococcus aureus 280/20,0.41,Synergy,FICI,34045971,MLYYVTUWGNIJIB-BXKDBHETSA-N,YMDXZJFXQJVXBF-STHAYSLISA-N,nan,"('MLYYVTUWGNIJIB-BXKDBHETSA-N', 'YMDXZJFXQJVXBF-STHAYSLISA-N')"
cefazolin,fosfomycin,methicillin-sensitive staphylococcus aureus atcc29213,0.28,Synergy,FICI,34045971,MLYYVTUWGNIJIB-BXKDBHETSA-N,YMDXZJFXQJVXBF-STHAYSLISA-N,nan,"('MLYYVTUWGNIJIB-BXKDBHETSA-N', 'YMDXZJFXQJVXBF-STHAYSLISA-N')"
cefepime,tobramycin,pseudomonas aeruginosa atcc27853,0.5,Synergy,FICI,19996590,HVFLCNVBZFFHBT-ZKDACBOMSA-N,NLVFBUXFDBBNBW-PBSUHMDJSA-N,nan,"('HVFLCNVBZFFHBT-ZKDACBOMSA-N', 'NLVFBUXFDBBNBW-PBSUHMDJSA-N')"
cefepime,levofloxacin,pseudomonas aeruginosa atcc27853,0.75,Additivity,FICI,19996590,HVFLCNVBZFFHBT-ZKDACBOMSA-N,GSDSWSVVBLHKDQ-JTQLQIEISA-N,nan,"('GSDSWSVVBLHKDQ-JTQLQIEISA-N', 'HVFLCNVBZFFHBT-ZKDACBOMSA-N')"
cefepime,fosfomycin,enterobacteriaceae,1.42,Indifferent,FICI,31213392,HVFLCNVBZFFHBT-ZKDACBOMSA-N,YMDXZJFXQJVXBF-STHAYSLISA-N,nan,"('HVFLCNVBZFFHBT-ZKDACBOMSA-N', 'YMDXZJFXQJVXBF-STHAYSLISA-N')"
cefixime,gentamicin,neisseria gonorrhoeae,1.33,Indifferent,FICI,24468865,OKBVVJOGVLARMR-QSWIMTSFSA-N,CEAZRRDELHUEMR-UHFFFAOYSA-N,nan,"('CEAZRRDELHUEMR-UHFFFAOYSA-N', 'OKBVVJOGVLARMR-QSWIMTSFSA-N')"
cefixime,rifampicin,neisseria gonorrhoeae,1.51,Indifferent,FICI,24468865,OKBVVJOGVLARMR-QSWIMTSFSA-N,JQXXHWHPUNPDRT-WLSIYKJHSA-N,nan,"('JQXXHWHPUNPDRT-WLSIYKJHSA-N', 'OKBVVJOGVLARMR-QSWIMTSFSA-N')"
cefixime,fosfomycin,neisseria gonorrhoeae,1.22,Indifferent,FICI,24468865,OKBVVJOGVLARMR-QSWIMTSFSA-N,YMDXZJFXQJVXBF-STHAYSLISA-N,nan,"('OKBVVJOGVLARMR-QSWIMTSFSA-N', 'YMDXZJFXQJVXBF-STHAYSLISA-N')"
cefixime,gentamicin,neisseria gonorrhoeae,0.88,Additivity,FICI,28876284,OKBVVJOGVLARMR-QSWIMTSFSA-N,CEAZRRDELHUEMR-UHFFFAOYSA-N,nan,"('CEAZRRDELHUEMR-UHFFFAOYSA-N', 'OKBVVJOGVLARMR-QSWIMTSFSA-N')"
cefoperazone,netilmicin,pseudomonas testosteroni,0.19,Synergy,FICI,10382886,GCFBRXLSHGKWDP-XCGNWRKASA-N,CIDUJQMULVCIBT-MQDUPKMGSA-N,nan,"('CIDUJQMULVCIBT-MQDUPKMGSA-N', 'GCFBRXLSHGKWDP-XCGNWRKASA-N')"
cefotaxime,doripenem,escherichia coli bl21,0.12,Synergy,FICI,28725196,GPRBEKHLDVQUJE-QSWIMTSFSA-N,AVAACINZEOAHHE-VFZPANTDSA-N,nan,"('AVAACINZEOAHHE-VFZPANTDSA-N', 'GPRBEKHLDVQUJE-QSWIMTSFSA-N')"
cefotaxime,ciprofloxacin,escherichia coli mg1655,1.91,Indifferent,FICI,32941420,GPRBEKHLDVQUJE-QSWIMTSFSA-N,MYSWGUAQZAJSOK-UHFFFAOYSA-N,nan,"('GPRBEKHLDVQUJE-QSWIMTSFSA-N', 'MYSWGUAQZAJSOK-UHFFFAOYSA-N')"
cefotaxime,ciprofloxacin,pseudomonas aeruginosa pa14,2.68,Indifferent,FICI,32941420,GPRBEKHLDVQUJE-QSWIMTSFSA-N,MYSWGUAQZAJSOK-UHFFFAOYSA-N,pseudomonas aeruginosa,"('GPRBEKHLDVQUJE-QSWIMTSFSA-N', 'MYSWGUAQZAJSOK-UHFFFAOYSA-N')"
cefotaxime,ciprofloxacin,staphylococcus aureus atcc29213,1.62,Indifferent,FICI,32941420,GPRBEKHLDVQUJE-QSWIMTSFSA-N,MYSWGUAQZAJSOK-UHFFFAOYSA-N,nan,"('GPRBEKHLDVQUJE-QSWIMTSFSA-N', 'MYSWGUAQZAJSOK-UHFFFAOYSA-N')"
cefoxitin,doripenem,klebsiella pneumoniae ak66,0.38,Synergy,FICI,31161792,WZOZEZRFJCJXNZ-ZBFHGGJFSA-N,AVAACINZEOAHHE-VFZPANTDSA-N,nan,"('AVAACINZEOAHHE-VFZPANTDSA-N', 'WZOZEZRFJCJXNZ-ZBFHGGJFSA-N')"
ceftazidime,ciprofloxacin,stenotrophomonas maltophilia,0.38,Synergy,FICI,26551572,ORFOPKXBNMVMKC-DWVKKRMSSA-N,MYSWGUAQZAJSOK-UHFFFAOYSA-N,nan,"('MYSWGUAQZAJSOK-UHFFFAOYSA-N', 'ORFOPKXBNMVMKC-DWVKKRMSSA-N')"
ceftazidime,levofloxacin,stenotrophomonas maltophilia,0.5,Synergy,FICI,26551572,ORFOPKXBNMVMKC-DWVKKRMSSA-N,GSDSWSVVBLHKDQ-JTQLQIEISA-N,nan,"('GSDSWSVVBLHKDQ-JTQLQIEISA-N', 'ORFOPKXBNMVMKC-DWVKKRMSSA-N')"
ceftazidime,moxifloxacin,stenotrophomonas maltophilia,0.38,Synergy,FICI,26551572,ORFOPKXBNMVMKC-DWVKKRMSSA-N,FABPRXSRWADJSP-MEDUHNTESA-N,nan,"('FABPRXSRWADJSP-MEDUHNTESA-N', 'ORFOPKXBNMVMKC-DWVKKRMSSA-N')"
ceftazidime,colistin,stenotrophomonas maltophilia,0.38,Synergy,FICI,26551572,ORFOPKXBNMVMKC-DWVKKRMSSA-N,YKQOSKADJPQZHB-RGYSVOEGSA-N,nan,"('ORFOPKXBNMVMKC-DWVKKRMSSA-N', 'YKQOSKADJPQZHB-RGYSVOEGSA-N')"
ceftazidime,fosfomycin,enterobacteriaceae,1.38,Indifferent,FICI,31213392,ORFOPKXBNMVMKC-DWVKKRMSSA-N,YMDXZJFXQJVXBF-STHAYSLISA-N,nan,"('ORFOPKXBNMVMKC-DWVKKRMSSA-N', 'YMDXZJFXQJVXBF-STHAYSLISA-N')"
ceftazidime,ciprofloxacin,pseudomonas aeruginosa,1.5,Indifferent,FICI,33582141,ORFOPKXBNMVMKC-DWVKKRMSSA-N,MYSWGUAQZAJSOK-UHFFFAOYSA-N,nan,"('MYSWGUAQZAJSOK-UHFFFAOYSA-N', 'ORFOPKXBNMVMKC-DWVKKRMSSA-N')"
ceftazidime,gentamicin,pseudomonas aeruginosa,0.75,Additivity,FICI,33582141,ORFOPKXBNMVMKC-DWVKKRMSSA-N,CEAZRRDELHUEMR-UHFFFAOYSA-N,nan,"('CEAZRRDELHUEMR-UHFFFAOYSA-N', 'ORFOPKXBNMVMKC-DWVKKRMSSA-N')"
ceftazidime,levofloxacin,pseudomonas aeruginosa,2,Indifferent,FICI,33582141,ORFOPKXBNMVMKC-DWVKKRMSSA-N,GSDSWSVVBLHKDQ-JTQLQIEISA-N,nan,"('GSDSWSVVBLHKDQ-JTQLQIEISA-N', 'ORFOPKXBNMVMKC-DWVKKRMSSA-N')"
ceftazidime,netilmicin,pseudomonas testosteroni,0.31,Synergy,FICI,10382886,ORFOPKXBNMVMKC-DWVKKRMSSA-N,CIDUJQMULVCIBT-MQDUPKMGSA-N,nan,"('CIDUJQMULVCIBT-MQDUPKMGSA-N', 'ORFOPKXBNMVMKC-DWVKKRMSSA-N')"
ceftazidime,ciprofloxacin,pseudomonas testosteroni,0.31,Synergy,FICI,10382886,ORFOPKXBNMVMKC-DWVKKRMSSA-N,MYSWGUAQZAJSOK-UHFFFAOYSA-N,nan,"('MYSWGUAQZAJSOK-UHFFFAOYSA-N', 'ORFOPKXBNMVMKC-DWVKKRMSSA-N')"
ceftazidime,ofloxacin,pseudomonas testosteroni,0.25,Synergy,FICI,10382886,ORFOPKXBNMVMKC-DWVKKRMSSA-N,GSDSWSVVBLHKDQ-UHFFFAOYSA-N,nan,"('GSDSWSVVBLHKDQ-UHFFFAOYSA-N', 'ORFOPKXBNMVMKC-DWVKKRMSSA-N')"
ceftazidime,pefloxacin,pseudomonas testosteroni,0.38,Synergy,FICI,10382886,ORFOPKXBNMVMKC-DWVKKRMSSA-N,FHFYDNQZQSQIAI-UHFFFAOYSA-N,nan,"('FHFYDNQZQSQIAI-UHFFFAOYSA-N', 'ORFOPKXBNMVMKC-DWVKKRMSSA-N')"
ceftriaxone,streptomycin,haemophilus ducreyi 35000,0.63,Additivity,FICI,16046468,VAAUVRVFOQPIGI-SPQHTLEESA-N,UCSJYZPVAKXKNQ-HZYVHMACSA-N,nan,"('UCSJYZPVAKXKNQ-HZYVHMACSA-N', 'VAAUVRVFOQPIGI-SPQHTLEESA-N')"
ceftriaxone,rifabutin,haemophilus ducreyi 35000,1.33,Indifferent,FICI,16046468,VAAUVRVFOQPIGI-SPQHTLEESA-N,ATEBXHFBFRCZMA-VXTBVIBXSA-N,nan,"('ATEBXHFBFRCZMA-VXTBVIBXSA-N', 'VAAUVRVFOQPIGI-SPQHTLEESA-N')"
ceftriaxone,streptomycin,haemophilus ducreyi ro34,0.63,Additivity,FICI,16046468,VAAUVRVFOQPIGI-SPQHTLEESA-N,UCSJYZPVAKXKNQ-HZYVHMACSA-N,nan,"('UCSJYZPVAKXKNQ-HZYVHMACSA-N', 'VAAUVRVFOQPIGI-SPQHTLEESA-N')"
ceftriaxone,rifabutin,haemophilus ducreyi ro34,0.83,Additivity,FICI,16046468,VAAUVRVFOQPIGI-SPQHTLEESA-N,ATEBXHFBFRCZMA-VXTBVIBXSA-N,nan,"('ATEBXHFBFRCZMA-VXTBVIBXSA-N', 'VAAUVRVFOQPIGI-SPQHTLEESA-N')"
ceftriaxone,streptomycin,haemophilus ducreyi ro40,0.63,Additivity,FICI,16046468,VAAUVRVFOQPIGI-SPQHTLEESA-N,UCSJYZPVAKXKNQ-HZYVHMACSA-N,nan,"('UCSJYZPVAKXKNQ-HZYVHMACSA-N', 'VAAUVRVFOQPIGI-SPQHTLEESA-N')"
ceftriaxone,rifabutin,haemophilus ducreyi ro40,0.92,Additivity,FICI,16046468,VAAUVRVFOQPIGI-SPQHTLEESA-N,ATEBXHFBFRCZMA-VXTBVIBXSA-N,nan,"('ATEBXHFBFRCZMA-VXTBVIBXSA-N', 'VAAUVRVFOQPIGI-SPQHTLEESA-N')"
ceftriaxone,gentamicin,neisseria gonorrhoeae,1.18,Indifferent,FICI,24468865,VAAUVRVFOQPIGI-SPQHTLEESA-N,CEAZRRDELHUEMR-UHFFFAOYSA-N,nan,"('CEAZRRDELHUEMR-UHFFFAOYSA-N', 'VAAUVRVFOQPIGI-SPQHTLEESA-N')"
ceftriaxone,rifampicin,neisseria gonorrhoeae,1.19,Indifferent,FICI,24468865,VAAUVRVFOQPIGI-SPQHTLEESA-N,JQXXHWHPUNPDRT-WLSIYKJHSA-N,nan,"('JQXXHWHPUNPDRT-WLSIYKJHSA-N', 'VAAUVRVFOQPIGI-SPQHTLEESA-N')"
ceftriaxone,fosfomycin,neisseria gonorrhoeae,1.01,Indifferent,FICI,24468865,VAAUVRVFOQPIGI-SPQHTLEESA-N,YMDXZJFXQJVXBF-STHAYSLISA-N,nan,"('VAAUVRVFOQPIGI-SPQHTLEESA-N', 'YMDXZJFXQJVXBF-STHAYSLISA-N')"
ceftriaxone,ciprofloxacin,acinetobacter baumannii,1.03,Indifferent,FICI,32845920,VAAUVRVFOQPIGI-SPQHTLEESA-N,MYSWGUAQZAJSOK-UHFFFAOYSA-N,nan,"('MYSWGUAQZAJSOK-UHFFFAOYSA-N', 'VAAUVRVFOQPIGI-SPQHTLEESA-N')"
ceftriaxone,levofloxacin,acinetobacter baumannii,1.7,Indifferent,FICI,32845920,VAAUVRVFOQPIGI-SPQHTLEESA-N,GSDSWSVVBLHKDQ-JTQLQIEISA-N,nan,"('GSDSWSVVBLHKDQ-JTQLQIEISA-N', 'VAAUVRVFOQPIGI-SPQHTLEESA-N')"
ceftriaxone,gentamicin,neisseria gonorrhoeae,1.13,Indifferent,FICI,28876284,VAAUVRVFOQPIGI-SPQHTLEESA-N,CEAZRRDELHUEMR-UHFFFAOYSA-N,nan,"('CEAZRRDELHUEMR-UHFFFAOYSA-N', 'VAAUVRVFOQPIGI-SPQHTLEESA-N')"
ceftriaxone,netilmicin,pseudomonas testosteroni,1,Additivity,FICI,10382886,VAAUVRVFOQPIGI-SPQHTLEESA-N,CIDUJQMULVCIBT-MQDUPKMGSA-N,nan,"('CIDUJQMULVCIBT-MQDUPKMGSA-N', 'VAAUVRVFOQPIGI-SPQHTLEESA-N')"
ceftriaxone,amoxycillin,streptococcus pneumoniae 11710,1.3,Indifference,FICI,9533466,VAAUVRVFOQPIGI-SPQHTLEESA-N,LSQZJLSUYDQPKJ-NJBDSQKTSA-N,nan,"('LSQZJLSUYDQPKJ-NJBDSQKTSA-N', 'VAAUVRVFOQPIGI-SPQHTLEESA-N')"
ceftriaxone,amoxycillin,streptococcus pneumoniae 11724,1.3,Indifference,FICI,9533466,VAAUVRVFOQPIGI-SPQHTLEESA-N,LSQZJLSUYDQPKJ-NJBDSQKTSA-N,nan,"('LSQZJLSUYDQPKJ-NJBDSQKTSA-N', 'VAAUVRVFOQPIGI-SPQHTLEESA-N')"
ceftriaxone,amoxycillin,streptococcus pneumoniae 16089,1.1,Indifference,FICI,9533466,VAAUVRVFOQPIGI-SPQHTLEESA-N,LSQZJLSUYDQPKJ-NJBDSQKTSA-N,nan,"('LSQZJLSUYDQPKJ-NJBDSQKTSA-N', 'VAAUVRVFOQPIGI-SPQHTLEESA-N')"
ceftriaxone,amoxycillin,streptococcus pneumoniae 9093,1.2,Indifference,FICI,9533466,VAAUVRVFOQPIGI-SPQHTLEESA-N,LSQZJLSUYDQPKJ-NJBDSQKTSA-N,nan,"('LSQZJLSUYDQPKJ-NJBDSQKTSA-N', 'VAAUVRVFOQPIGI-SPQHTLEESA-N')"
chloramphenicol,amoxycillin,acinetobacter calcoaceuticus up,0.24,Synergy,FICI,29202138,WIIZWVCIJKGZOK-RKDXNWHRSA-N,LSQZJLSUYDQPKJ-NJBDSQKTSA-N,nan,"('LSQZJLSUYDQPKJ-NJBDSQKTSA-N', 'WIIZWVCIJKGZOK-RKDXNWHRSA-N')"
chloramphenicol,amoxycillin,bacillus cereus atcc10702,0.31,Synergy,FICI,29202138,WIIZWVCIJKGZOK-RKDXNWHRSA-N,LSQZJLSUYDQPKJ-NJBDSQKTSA-N,nan,"('LSQZJLSUYDQPKJ-NJBDSQKTSA-N', 'WIIZWVCIJKGZOK-RKDXNWHRSA-N')"
chloramphenicol,amoxycillin,enterococcus cloacae atcc13047,0.13,Synergy,FICI,29202138,WIIZWVCIJKGZOK-RKDXNWHRSA-N,LSQZJLSUYDQPKJ-NJBDSQKTSA-N,nan,"('LSQZJLSUYDQPKJ-NJBDSQKTSA-N', 'WIIZWVCIJKGZOK-RKDXNWHRSA-N')"
chloramphenicol,fosfomycin,enterococcus faecium,0.28,Synergy,FICI,33130503,WIIZWVCIJKGZOK-RKDXNWHRSA-N,YMDXZJFXQJVXBF-STHAYSLISA-N,nan,"('WIIZWVCIJKGZOK-RKDXNWHRSA-N', 'YMDXZJFXQJVXBF-STHAYSLISA-N')"
chloramphenicol,rifampicin,escherichia coli bw25113,-0.32,Synergy,Loewe,26956793,WIIZWVCIJKGZOK-RKDXNWHRSA-N,JQXXHWHPUNPDRT-WLSIYKJHSA-N,escherichia coli,"('JQXXHWHPUNPDRT-WLSIYKJHSA-N', 'WIIZWVCIJKGZOK-RKDXNWHRSA-N')"
chloramphenicol,amoxycillin,klebsiella pneumoniae atcc4352,0.75,Additivity,FICI,29202138,WIIZWVCIJKGZOK-RKDXNWHRSA-N,LSQZJLSUYDQPKJ-NJBDSQKTSA-N,nan,"('LSQZJLSUYDQPKJ-NJBDSQKTSA-N', 'WIIZWVCIJKGZOK-RKDXNWHRSA-N')"
chloramphenicol,amoxycillin,proteus vulgaris csir0030,0.13,Synergy,FICI,29202138,WIIZWVCIJKGZOK-RKDXNWHRSA-N,LSQZJLSUYDQPKJ-NJBDSQKTSA-N,nan,"('LSQZJLSUYDQPKJ-NJBDSQKTSA-N', 'WIIZWVCIJKGZOK-RKDXNWHRSA-N')"
chloramphenicol,amoxycillin,pseudomonas aeruginosa atcc19582,0.69,Additivity,FICI,29202138,WIIZWVCIJKGZOK-RKDXNWHRSA-N,LSQZJLSUYDQPKJ-NJBDSQKTSA-N,nan,"('LSQZJLSUYDQPKJ-NJBDSQKTSA-N', 'WIIZWVCIJKGZOK-RKDXNWHRSA-N')"
chloramphenicol,amoxycillin,salmonella typhi atcc13311,0.13,Synergy,FICI,29202138,WIIZWVCIJKGZOK-RKDXNWHRSA-N,LSQZJLSUYDQPKJ-NJBDSQKTSA-N,nan,"('LSQZJLSUYDQPKJ-NJBDSQKTSA-N', 'WIIZWVCIJKGZOK-RKDXNWHRSA-N')"
chloramphenicol,amoxycillin,shigella sonnei atcc29930,0.15,Synergy,FICI,29202138,WIIZWVCIJKGZOK-RKDXNWHRSA-N,LSQZJLSUYDQPKJ-NJBDSQKTSA-N,nan,"('LSQZJLSUYDQPKJ-NJBDSQKTSA-N', 'WIIZWVCIJKGZOK-RKDXNWHRSA-N')"
chloramphenicol,amoxycillin,staphylococcus aureus atcc6538,1,Synergy,FICI,29202138,WIIZWVCIJKGZOK-RKDXNWHRSA-N,LSQZJLSUYDQPKJ-NJBDSQKTSA-N,nan,"('LSQZJLSUYDQPKJ-NJBDSQKTSA-N', 'WIIZWVCIJKGZOK-RKDXNWHRSA-N')"
chloramphenicol,amoxycillin,staphylococcus aureus ok2a,0.13,Synergy,FICI,29202138,WIIZWVCIJKGZOK-RKDXNWHRSA-N,LSQZJLSUYDQPKJ-NJBDSQKTSA-N,nan,"('LSQZJLSUYDQPKJ-NJBDSQKTSA-N', 'WIIZWVCIJKGZOK-RKDXNWHRSA-N')"
ciprofloxacin,vancomycin,acinetobacter baumannii,1.46,Indifferent,FICI,32845920,MYSWGUAQZAJSOK-UHFFFAOYSA-N,MYPYJXKWCTUITO-LYRMYLQWSA-N,nan,"('MYPYJXKWCTUITO-LYRMYLQWSA-N', 'MYSWGUAQZAJSOK-UHFFFAOYSA-N')"
ciprofloxacin,minocycline,acinetobacter baumannii atcc baa-1710,2,Indifferent,FICI,33972678,MYSWGUAQZAJSOK-UHFFFAOYSA-N,WTJXVDPDEQKTCV-VQAITOIOSA-N,nan,"('MYSWGUAQZAJSOK-UHFFFAOYSA-N', 'WTJXVDPDEQKTCV-VQAITOIOSA-N')"
ciprofloxacin,fosfomycin,acinetobacter baumannii atcc baa-1710,2,Indifferent,FICI,33972678,MYSWGUAQZAJSOK-UHFFFAOYSA-N,YMDXZJFXQJVXBF-STHAYSLISA-N,nan,"('MYSWGUAQZAJSOK-UHFFFAOYSA-N', 'YMDXZJFXQJVXBF-STHAYSLISA-N')"
ciprofloxacin,gentamicin,acinetobacter baumannii atcc baa-1710,0.75,Indifferent,FICI,33972678,MYSWGUAQZAJSOK-UHFFFAOYSA-N,CEAZRRDELHUEMR-UHFFFAOYSA-N,nan,"('CEAZRRDELHUEMR-UHFFFAOYSA-N', 'MYSWGUAQZAJSOK-UHFFFAOYSA-N')"
ciprofloxacin,erythromycin,acinetobacter baumannii atcc baa-1710,1.5,Indifferent,FICI,33972678,MYSWGUAQZAJSOK-UHFFFAOYSA-N,ULGZDMOVFRHVEP-RWJQBGPGSA-N,nan,"('MYSWGUAQZAJSOK-UHFFFAOYSA-N', 'ULGZDMOVFRHVEP-RWJQBGPGSA-N')"
ciprofloxacin,polymyxin b,acinetobacter baumannii atcc baa-1710,1,Indifferent,FICI,33972678,MYSWGUAQZAJSOK-UHFFFAOYSA-N,WQVJHHACXVLGBL-BPJDFBQWSA-N,nan,"('MYSWGUAQZAJSOK-UHFFFAOYSA-N', 'WQVJHHACXVLGBL-BPJDFBQWSA-N')"
ciprofloxacin,rifampicin,acinetobacter baumannii atcc baa-1710,1.5,Indifferent,FICI,33972678,MYSWGUAQZAJSOK-UHFFFAOYSA-N,JQXXHWHPUNPDRT-WLSIYKJHSA-N,nan,"('JQXXHWHPUNPDRT-WLSIYKJHSA-N', 'MYSWGUAQZAJSOK-UHFFFAOYSA-N')"
ciprofloxacin,penicillin g,bacillus anthracis str. sterne,2.03,Indifferent,FICI,15793105,MYSWGUAQZAJSOK-UHFFFAOYSA-N,JGSARLDLIJGVTE-MBNYWOFBSA-N,nan,"('JGSARLDLIJGVTE-MBNYWOFBSA-N', 'MYSWGUAQZAJSOK-UHFFFAOYSA-N')"
ciprofloxacin,clarithromycin,bacillus anthracis str. sterne,2.48,Indifferent,FICI,15793105,MYSWGUAQZAJSOK-UHFFFAOYSA-N,AGOYDEPGAOXOCK-KCBOHYOISA-N,nan,"('AGOYDEPGAOXOCK-KCBOHYOISA-N', 'MYSWGUAQZAJSOK-UHFFFAOYSA-N')"
ciprofloxacin,clindamycin,bacillus anthracis str. sterne,1.03,Indifferent,FICI,15793105,MYSWGUAQZAJSOK-UHFFFAOYSA-N,KDLRVYVGXIQJDK-AWPVFWJPSA-N,nan,"('KDLRVYVGXIQJDK-AWPVFWJPSA-N', 'MYSWGUAQZAJSOK-UHFFFAOYSA-N')"
ciprofloxacin,rifampicin,bacillus anthracis str. sterne,2.5,Indifferent,FICI,15793105,MYSWGUAQZAJSOK-UHFFFAOYSA-N,JQXXHWHPUNPDRT-WLSIYKJHSA-N,nan,"('JQXXHWHPUNPDRT-WLSIYKJHSA-N', 'MYSWGUAQZAJSOK-UHFFFAOYSA-N')"
ciprofloxacin,linezolid,bacillus anthracis str. sterne,2.03,Indifferent,FICI,15793105,MYSWGUAQZAJSOK-UHFFFAOYSA-N,TYZROVQLWOKYKF-ZDUSSCGKSA-N,nan,"('MYSWGUAQZAJSOK-UHFFFAOYSA-N', 'TYZROVQLWOKYKF-ZDUSSCGKSA-N')"
ciprofloxacin,penicillin g,bacillus anthracis str. sti,2.03,Indifferent,FICI,15793105,MYSWGUAQZAJSOK-UHFFFAOYSA-N,JGSARLDLIJGVTE-MBNYWOFBSA-N,nan,"('JGSARLDLIJGVTE-MBNYWOFBSA-N', 'MYSWGUAQZAJSOK-UHFFFAOYSA-N')"
ciprofloxacin,clarithromycin,bacillus anthracis str. sti,2.48,Indifferent,FICI,15793105,MYSWGUAQZAJSOK-UHFFFAOYSA-N,AGOYDEPGAOXOCK-KCBOHYOISA-N,nan,"('AGOYDEPGAOXOCK-KCBOHYOISA-N', 'MYSWGUAQZAJSOK-UHFFFAOYSA-N')"
ciprofloxacin,clindamycin,bacillus anthracis str. sti,2.29,Indifferent,FICI,15793105,MYSWGUAQZAJSOK-UHFFFAOYSA-N,KDLRVYVGXIQJDK-AWPVFWJPSA-N,nan,"('KDLRVYVGXIQJDK-AWPVFWJPSA-N', 'MYSWGUAQZAJSOK-UHFFFAOYSA-N')"
ciprofloxacin,rifampicin,bacillus anthracis str. sti,1.13,Indifferent,FICI,15793105,MYSWGUAQZAJSOK-UHFFFAOYSA-N,JQXXHWHPUNPDRT-WLSIYKJHSA-N,nan,"('JQXXHWHPUNPDRT-WLSIYKJHSA-N', 'MYSWGUAQZAJSOK-UHFFFAOYSA-N')"
ciprofloxacin,linezolid,bacillus anthracis str. sti,2.03,Indifferent,FICI,15793105,MYSWGUAQZAJSOK-UHFFFAOYSA-N,TYZROVQLWOKYKF-ZDUSSCGKSA-N,nan,"('MYSWGUAQZAJSOK-UHFFFAOYSA-N', 'TYZROVQLWOKYKF-ZDUSSCGKSA-N')"
ciprofloxacin,streptomycin,brucella melitensis,1.25,Indifference,FICI,24031207,MYSWGUAQZAJSOK-UHFFFAOYSA-N,UCSJYZPVAKXKNQ-HZYVHMACSA-N,nan,"('MYSWGUAQZAJSOK-UHFFFAOYSA-N', 'UCSJYZPVAKXKNQ-HZYVHMACSA-N')"
ciprofloxacin,vancomycin,flavobacterium meningosepticum,0.62,Additivity,FICI,9597247,MYSWGUAQZAJSOK-UHFFFAOYSA-N,MYPYJXKWCTUITO-LYRMYLQWSA-N,nan,"('MYPYJXKWCTUITO-LYRMYLQWSA-N', 'MYSWGUAQZAJSOK-UHFFFAOYSA-N')"
ciprofloxacin,piperacillin,pseudomonas aeruginosa,0.5,Synergy,FICI,33582141,MYSWGUAQZAJSOK-UHFFFAOYSA-N,IVBHGBMCVLDMKU-GXNBUGAJSA-N,nan,"('IVBHGBMCVLDMKU-GXNBUGAJSA-N', 'MYSWGUAQZAJSOK-UHFFFAOYSA-N')"
ciprofloxacin,amoxycillin,salmonella typhi,0.5,Additivity,FICI,15255648,MYSWGUAQZAJSOK-UHFFFAOYSA-N,LSQZJLSUYDQPKJ-NJBDSQKTSA-N,nan,"('LSQZJLSUYDQPKJ-NJBDSQKTSA-N', 'MYSWGUAQZAJSOK-UHFFFAOYSA-N')"
ciprofloxacin,chlorhexidine,acinetobacter baumannii,0.5,Synergy,FICI,33731026,MYSWGUAQZAJSOK-UHFFFAOYSA-N,GHXZTYHSJHQHIJ-UHFFFAOYSA-N,nan,"('GHXZTYHSJHQHIJ-UHFFFAOYSA-N', 'MYSWGUAQZAJSOK-UHFFFAOYSA-N')"
ciprofloxacin,fosfomycin,carbapenem,0.38,Synergy,FICI,33668905,MYSWGUAQZAJSOK-UHFFFAOYSA-N,YMDXZJFXQJVXBF-STHAYSLISA-N,nan,"('MYSWGUAQZAJSOK-UHFFFAOYSA-N', 'YMDXZJFXQJVXBF-STHAYSLISA-N')"
ciprofloxacin,rifampicin,escherichia coli bw25113,1.31,Antagonism,Loewe,26956793,MYSWGUAQZAJSOK-UHFFFAOYSA-N,JQXXHWHPUNPDRT-WLSIYKJHSA-N,escherichia coli,"('JQXXHWHPUNPDRT-WLSIYKJHSA-N', 'MYSWGUAQZAJSOK-UHFFFAOYSA-N')"
ciprofloxacin,gentamicin,escherichia coli mg1655,1.22,Indifferent,FICI,32941420,MYSWGUAQZAJSOK-UHFFFAOYSA-N,CEAZRRDELHUEMR-UHFFFAOYSA-N,nan,"('CEAZRRDELHUEMR-UHFFFAOYSA-N', 'MYSWGUAQZAJSOK-UHFFFAOYSA-N')"
ciprofloxacin,gentamicin,escherichia coli mg1655,3.07,Antagonism,FICI,32941420,MYSWGUAQZAJSOK-UHFFFAOYSA-N,CEAZRRDELHUEMR-UHFFFAOYSA-N,nan,"('CEAZRRDELHUEMR-UHFFFAOYSA-N', 'MYSWGUAQZAJSOK-UHFFFAOYSA-N')"
ciprofloxacin,meropenem,flavobacterium meningosepticum,1,Indifferent,FICI,9597247,MYSWGUAQZAJSOK-UHFFFAOYSA-N,DMJNNHOOLUXYBV-PQTSNVLCSA-N,nan,"('DMJNNHOOLUXYBV-PQTSNVLCSA-N', 'MYSWGUAQZAJSOK-UHFFFAOYSA-N')"
ciprofloxacin,linezolid,flavobacterium meningosepticum,0.75,Additivity,FICI,9597247,MYSWGUAQZAJSOK-UHFFFAOYSA-N,TYZROVQLWOKYKF-ZDUSSCGKSA-N,nan,"('MYSWGUAQZAJSOK-UHFFFAOYSA-N', 'TYZROVQLWOKYKF-ZDUSSCGKSA-N')"
ciprofloxacin,gentamicin,pseudomonas aeruginosa pa14,1.97,Indifferent,FICI,32941420,MYSWGUAQZAJSOK-UHFFFAOYSA-N,CEAZRRDELHUEMR-UHFFFAOYSA-N,pseudomonas aeruginosa,"('CEAZRRDELHUEMR-UHFFFAOYSA-N', 'MYSWGUAQZAJSOK-UHFFFAOYSA-N')"
ciprofloxacin,gentamicin,pseudomonas aeruginosa pa14,1.67,Indifferent,FICI,32941420,MYSWGUAQZAJSOK-UHFFFAOYSA-N,CEAZRRDELHUEMR-UHFFFAOYSA-N,pseudomonas aeruginosa,"('CEAZRRDELHUEMR-UHFFFAOYSA-N', 'MYSWGUAQZAJSOK-UHFFFAOYSA-N')"
ciprofloxacin,gentamicin,staphylococcus atcc29213,0.31,Synergy,FICI,29554250,MYSWGUAQZAJSOK-UHFFFAOYSA-N,CEAZRRDELHUEMR-UHFFFAOYSA-N,nan,"('CEAZRRDELHUEMR-UHFFFAOYSA-N', 'MYSWGUAQZAJSOK-UHFFFAOYSA-N')"
ciprofloxacin,gentamicin,staphylococcus aureus atcc29213,1.45,Indifferent,FICI,32941420,MYSWGUAQZAJSOK-UHFFFAOYSA-N,CEAZRRDELHUEMR-UHFFFAOYSA-N,nan,"('CEAZRRDELHUEMR-UHFFFAOYSA-N', 'MYSWGUAQZAJSOK-UHFFFAOYSA-N')"
ciprofloxacin,gentamicin,staphylococcus aureus atcc29213,1.36,Indifferent,FICI,32941420,MYSWGUAQZAJSOK-UHFFFAOYSA-N,CEAZRRDELHUEMR-UHFFFAOYSA-N,nan,"('CEAZRRDELHUEMR-UHFFFAOYSA-N', 'MYSWGUAQZAJSOK-UHFFFAOYSA-N')"
ciprofloxacin,gentamicin,staphylococcus cns-j,2.06,Indifferent,FICI,29554250,MYSWGUAQZAJSOK-UHFFFAOYSA-N,CEAZRRDELHUEMR-UHFFFAOYSA-N,nan,"('CEAZRRDELHUEMR-UHFFFAOYSA-N', 'MYSWGUAQZAJSOK-UHFFFAOYSA-N')"
ciprofloxacin,colistin,stenotrophomonas maltophilia,0.53,Additivity,FICI,26551572,MYSWGUAQZAJSOK-UHFFFAOYSA-N,YKQOSKADJPQZHB-RGYSVOEGSA-N,nan,"('MYSWGUAQZAJSOK-UHFFFAOYSA-N', 'YKQOSKADJPQZHB-RGYSVOEGSA-N')"
clarithromycin,rifampicin,rhodococcus equi 103s,0.84,Additivity,FICI,34480367,AGOYDEPGAOXOCK-KCBOHYOISA-N,JQXXHWHPUNPDRT-WLSIYKJHSA-N,nan,"('AGOYDEPGAOXOCK-KCBOHYOISA-N', 'JQXXHWHPUNPDRT-WLSIYKJHSA-N')"
clarithromycin,minocycline,rhodococcus equi 103s,0.46,Synergy,FICI,34480367,AGOYDEPGAOXOCK-KCBOHYOISA-N,WTJXVDPDEQKTCV-VQAITOIOSA-N,nan,"('AGOYDEPGAOXOCK-KCBOHYOISA-N', 'WTJXVDPDEQKTCV-VQAITOIOSA-N')"
clarithromycin,rifampicin,rhodococcus equi ukvdl46,0.92,Additivity,FICI,34480367,AGOYDEPGAOXOCK-KCBOHYOISA-N,JQXXHWHPUNPDRT-WLSIYKJHSA-N,nan,"('AGOYDEPGAOXOCK-KCBOHYOISA-N', 'JQXXHWHPUNPDRT-WLSIYKJHSA-N')"
clarithromycin,minocycline,rhodococcus equi ukvdl46,0.42,Synergy,FICI,34480367,AGOYDEPGAOXOCK-KCBOHYOISA-N,WTJXVDPDEQKTCV-VQAITOIOSA-N,nan,"('AGOYDEPGAOXOCK-KCBOHYOISA-N', 'WTJXVDPDEQKTCV-VQAITOIOSA-N')"
clarithromycin,rifampicin,rhodococcus equi ukvdl51,0.92,Additivity,FICI,34480367,AGOYDEPGAOXOCK-KCBOHYOISA-N,JQXXHWHPUNPDRT-WLSIYKJHSA-N,nan,"('AGOYDEPGAOXOCK-KCBOHYOISA-N', 'JQXXHWHPUNPDRT-WLSIYKJHSA-N')"
clarithromycin,minocycline,rhodococcus equi ukvdl51,0.67,Additivity,FICI,34480367,AGOYDEPGAOXOCK-KCBOHYOISA-N,WTJXVDPDEQKTCV-VQAITOIOSA-N,nan,"('AGOYDEPGAOXOCK-KCBOHYOISA-N', 'WTJXVDPDEQKTCV-VQAITOIOSA-N')"
clarithromycin,rifampicin,rhodococcus equi ukvdl56,0.83,Additivity,FICI,34480367,AGOYDEPGAOXOCK-KCBOHYOISA-N,JQXXHWHPUNPDRT-WLSIYKJHSA-N,nan,"('AGOYDEPGAOXOCK-KCBOHYOISA-N', 'JQXXHWHPUNPDRT-WLSIYKJHSA-N')"
clarithromycin,minocycline,rhodococcus equi ukvdl56,0.46,Synergy,FICI,34480367,AGOYDEPGAOXOCK-KCBOHYOISA-N,WTJXVDPDEQKTCV-VQAITOIOSA-N,nan,"('AGOYDEPGAOXOCK-KCBOHYOISA-N', 'WTJXVDPDEQKTCV-VQAITOIOSA-N')"
clarithromycin,rifampicin,rhodococcus equi ukvdl57,0.71,Additivity,FICI,34480367,AGOYDEPGAOXOCK-KCBOHYOISA-N,JQXXHWHPUNPDRT-WLSIYKJHSA-N,nan,"('AGOYDEPGAOXOCK-KCBOHYOISA-N', 'JQXXHWHPUNPDRT-WLSIYKJHSA-N')"
clarithromycin,minocycline,rhodococcus equi ukvdl57,0.38,Synergy,FICI,34480367,AGOYDEPGAOXOCK-KCBOHYOISA-N,WTJXVDPDEQKTCV-VQAITOIOSA-N,nan,"('AGOYDEPGAOXOCK-KCBOHYOISA-N', 'WTJXVDPDEQKTCV-VQAITOIOSA-N')"
clarithromycin,rifampicin,rhodococcus equi ukvdl62,0.75,Additivity,FICI,34480367,AGOYDEPGAOXOCK-KCBOHYOISA-N,JQXXHWHPUNPDRT-WLSIYKJHSA-N,nan,"('AGOYDEPGAOXOCK-KCBOHYOISA-N', 'JQXXHWHPUNPDRT-WLSIYKJHSA-N')"
clarithromycin,minocycline,rhodococcus equi ukvdl62,0.47,Synergy,FICI,34480367,AGOYDEPGAOXOCK-KCBOHYOISA-N,WTJXVDPDEQKTCV-VQAITOIOSA-N,nan,"('AGOYDEPGAOXOCK-KCBOHYOISA-N', 'WTJXVDPDEQKTCV-VQAITOIOSA-N')"
clarithromycin,rifampicin,bacillus anthracis str. sterne,0.96,Additivity,FICI,15793105,AGOYDEPGAOXOCK-KCBOHYOISA-N,JQXXHWHPUNPDRT-WLSIYKJHSA-N,nan,"('AGOYDEPGAOXOCK-KCBOHYOISA-N', 'JQXXHWHPUNPDRT-WLSIYKJHSA-N')"
clarithromycin,linezolid,bacillus anthracis str. sterne,2.13,Indifferent,FICI,15793105,AGOYDEPGAOXOCK-KCBOHYOISA-N,TYZROVQLWOKYKF-ZDUSSCGKSA-N,nan,"('AGOYDEPGAOXOCK-KCBOHYOISA-N', 'TYZROVQLWOKYKF-ZDUSSCGKSA-N')"
clarithromycin,rifampicin,bacillus anthracis str. sti,0.99,Additivity,FICI,15793105,AGOYDEPGAOXOCK-KCBOHYOISA-N,JQXXHWHPUNPDRT-WLSIYKJHSA-N,nan,"('AGOYDEPGAOXOCK-KCBOHYOISA-N', 'JQXXHWHPUNPDRT-WLSIYKJHSA-N')"
clarithromycin,linezolid,bacillus anthracis str. sti,2.13,Indifferent,FICI,15793105,AGOYDEPGAOXOCK-KCBOHYOISA-N,TYZROVQLWOKYKF-ZDUSSCGKSA-N,nan,"('AGOYDEPGAOXOCK-KCBOHYOISA-N', 'TYZROVQLWOKYKF-ZDUSSCGKSA-N')"
clindamycin,penicillin g,bacillus anthracis str. sterne,1.5,Indifferent,FICI,15793105,KDLRVYVGXIQJDK-AWPVFWJPSA-N,JGSARLDLIJGVTE-MBNYWOFBSA-N,nan,"('JGSARLDLIJGVTE-MBNYWOFBSA-N', 'KDLRVYVGXIQJDK-AWPVFWJPSA-N')"
clindamycin,linezolid,bacillus anthracis str. sterne,4.5,Antagonism,FICI,15793105,KDLRVYVGXIQJDK-AWPVFWJPSA-N,TYZROVQLWOKYKF-ZDUSSCGKSA-N,nan,"('KDLRVYVGXIQJDK-AWPVFWJPSA-N', 'TYZROVQLWOKYKF-ZDUSSCGKSA-N')"
clindamycin,rifampicin,bacillus anthracis str. sterne,0.48,Synergy,FICI,15793105,KDLRVYVGXIQJDK-AWPVFWJPSA-N,JQXXHWHPUNPDRT-WLSIYKJHSA-N,nan,"('JQXXHWHPUNPDRT-WLSIYKJHSA-N', 'KDLRVYVGXIQJDK-AWPVFWJPSA-N')"
clindamycin,penicillin g,bacillus anthracis str. sti,9.3,Antagonism,FICI,15793105,KDLRVYVGXIQJDK-AWPVFWJPSA-N,JGSARLDLIJGVTE-MBNYWOFBSA-N,nan,"('JGSARLDLIJGVTE-MBNYWOFBSA-N', 'KDLRVYVGXIQJDK-AWPVFWJPSA-N')"
clindamycin,linezolid,bacillus anthracis str. sti,9,Antagonism,FICI,15793105,KDLRVYVGXIQJDK-AWPVFWJPSA-N,TYZROVQLWOKYKF-ZDUSSCGKSA-N,nan,"('KDLRVYVGXIQJDK-AWPVFWJPSA-N', 'TYZROVQLWOKYKF-ZDUSSCGKSA-N')"
clindamycin,rifampicin,bacillus anthracis str. sti,0.48,Synergy,FICI,15793105,KDLRVYVGXIQJDK-AWPVFWJPSA-N,JQXXHWHPUNPDRT-WLSIYKJHSA-N,nan,"('JQXXHWHPUNPDRT-WLSIYKJHSA-N', 'KDLRVYVGXIQJDK-AWPVFWJPSA-N')"
clindamycin,rifampicin,escherichia coli bw25113,-1,Synergy,Loewe,26956793,KDLRVYVGXIQJDK-AWPVFWJPSA-N,JQXXHWHPUNPDRT-WLSIYKJHSA-N,escherichia coli,"('JQXXHWHPUNPDRT-WLSIYKJHSA-N', 'KDLRVYVGXIQJDK-AWPVFWJPSA-N')"
clindamycin,gentamicin,staphylococcus atcc29213,8.06,Antagonism,FICI,29554250,KDLRVYVGXIQJDK-AWPVFWJPSA-N,CEAZRRDELHUEMR-UHFFFAOYSA-N,nan,"('CEAZRRDELHUEMR-UHFFFAOYSA-N', 'KDLRVYVGXIQJDK-AWPVFWJPSA-N')"
clindamycin,gentamicin,staphylococcus cns-j,32.06,Antagonism,FICI,29554250,KDLRVYVGXIQJDK-AWPVFWJPSA-N,CEAZRRDELHUEMR-UHFFFAOYSA-N,nan,"('CEAZRRDELHUEMR-UHFFFAOYSA-N', 'KDLRVYVGXIQJDK-AWPVFWJPSA-N')"
colistin,meropenem,acinetobacter baumannii,0.37,Synergy,FICI,34169905,YKQOSKADJPQZHB-RGYSVOEGSA-N,DMJNNHOOLUXYBV-PQTSNVLCSA-N,nan,"('DMJNNHOOLUXYBV-PQTSNVLCSA-N', 'YKQOSKADJPQZHB-RGYSVOEGSA-N')"
colistin,meropenem,multidrug-resistant acinetobacter baumannii,1.3,Indifference,FICI,29872329,YKQOSKADJPQZHB-RGYSVOEGSA-N,DMJNNHOOLUXYBV-PQTSNVLCSA-N,nan,"('DMJNNHOOLUXYBV-PQTSNVLCSA-N', 'YKQOSKADJPQZHB-RGYSVOEGSA-N')"
colistin,meropenem,multidrug-resistant enterobacter cloacae,1.3,Indifference,FICI,29872329,YKQOSKADJPQZHB-RGYSVOEGSA-N,DMJNNHOOLUXYBV-PQTSNVLCSA-N,nan,"('DMJNNHOOLUXYBV-PQTSNVLCSA-N', 'YKQOSKADJPQZHB-RGYSVOEGSA-N')"
colistin,meropenem,multidrug-resistant escherichia coli,2,Indifference,FICI,29872329,YKQOSKADJPQZHB-RGYSVOEGSA-N,DMJNNHOOLUXYBV-PQTSNVLCSA-N,nan,"('DMJNNHOOLUXYBV-PQTSNVLCSA-N', 'YKQOSKADJPQZHB-RGYSVOEGSA-N')"
colistin,meropenem,multidrug-resistant klebsiella ornithinolytica,2,Indifference,FICI,29872329,YKQOSKADJPQZHB-RGYSVOEGSA-N,DMJNNHOOLUXYBV-PQTSNVLCSA-N,nan,"('DMJNNHOOLUXYBV-PQTSNVLCSA-N', 'YKQOSKADJPQZHB-RGYSVOEGSA-N')"
colistin,meropenem,multidrug-resistant klebsiella oxytoca,2,Indifference,FICI,29872329,YKQOSKADJPQZHB-RGYSVOEGSA-N,DMJNNHOOLUXYBV-PQTSNVLCSA-N,nan,"('DMJNNHOOLUXYBV-PQTSNVLCSA-N', 'YKQOSKADJPQZHB-RGYSVOEGSA-N')"
colistin,meropenem,multidrug-resistant klebsiella pneumoniae,2,Indifference,FICI,29872329,YKQOSKADJPQZHB-RGYSVOEGSA-N,DMJNNHOOLUXYBV-PQTSNVLCSA-N,nan,"('DMJNNHOOLUXYBV-PQTSNVLCSA-N', 'YKQOSKADJPQZHB-RGYSVOEGSA-N')"
colistin,meropenem,multidrug-resistant pseudomonas aeruginosa,1.1,Indifference,FICI,29872329,YKQOSKADJPQZHB-RGYSVOEGSA-N,DMJNNHOOLUXYBV-PQTSNVLCSA-N,nan,"('DMJNNHOOLUXYBV-PQTSNVLCSA-N', 'YKQOSKADJPQZHB-RGYSVOEGSA-N')"
colistin,meropenem,pseudomonas aeruginosa,1.16,Indifferent,FICI,34169905,YKQOSKADJPQZHB-RGYSVOEGSA-N,DMJNNHOOLUXYBV-PQTSNVLCSA-N,nan,"('DMJNNHOOLUXYBV-PQTSNVLCSA-N', 'YKQOSKADJPQZHB-RGYSVOEGSA-N')"
colistin,levofloxacin,stenotrophomonas maltophilia,0.5,Synergy,FICI,26551572,YKQOSKADJPQZHB-RGYSVOEGSA-N,GSDSWSVVBLHKDQ-JTQLQIEISA-N,nan,"('GSDSWSVVBLHKDQ-JTQLQIEISA-N', 'YKQOSKADJPQZHB-RGYSVOEGSA-N')"
colistin,moxifloxacin,stenotrophomonas maltophilia,0.56,Additivity,FICI,26551572,YKQOSKADJPQZHB-RGYSVOEGSA-N,FABPRXSRWADJSP-MEDUHNTESA-N,nan,"('FABPRXSRWADJSP-MEDUHNTESA-N', 'YKQOSKADJPQZHB-RGYSVOEGSA-N')"
colistin,vancomycin,acinetobacter baumannii,0.28,Synergy,FICI,26503239,YKQOSKADJPQZHB-RGYSVOEGSA-N,MYPYJXKWCTUITO-LYRMYLQWSA-N,nan,"('MYPYJXKWCTUITO-LYRMYLQWSA-N', 'YKQOSKADJPQZHB-RGYSVOEGSA-N')"
colistin,vancomycin,acinetobacter baumannii,0.16,Synergy,FICI,26503239,YKQOSKADJPQZHB-RGYSVOEGSA-N,MYPYJXKWCTUITO-LYRMYLQWSA-N,nan,"('MYPYJXKWCTUITO-LYRMYLQWSA-N', 'YKQOSKADJPQZHB-RGYSVOEGSA-N')"
colistin,vancomycin,acinetobacter baumannii,0.27,Synergy,FICI,26503239,YKQOSKADJPQZHB-RGYSVOEGSA-N,MYPYJXKWCTUITO-LYRMYLQWSA-N,nan,"('MYPYJXKWCTUITO-LYRMYLQWSA-N', 'YKQOSKADJPQZHB-RGYSVOEGSA-N')"
colistin,vancomycin,acinetobacter baumannii,0.19,Synergy,FICI,26503239,YKQOSKADJPQZHB-RGYSVOEGSA-N,MYPYJXKWCTUITO-LYRMYLQWSA-N,nan,"('MYPYJXKWCTUITO-LYRMYLQWSA-N', 'YKQOSKADJPQZHB-RGYSVOEGSA-N')"
colistin,fosfomycin,carbapenem,0.56,Additivity,FICI,33668905,YKQOSKADJPQZHB-RGYSVOEGSA-N,YMDXZJFXQJVXBF-STHAYSLISA-N,nan,"('YKQOSKADJPQZHB-RGYSVOEGSA-N', 'YMDXZJFXQJVXBF-STHAYSLISA-N')"
colistin,fosfomycin,carbapenem,0.75,Additivity,FICI,33668905,YKQOSKADJPQZHB-RGYSVOEGSA-N,YMDXZJFXQJVXBF-STHAYSLISA-N,nan,"('YKQOSKADJPQZHB-RGYSVOEGSA-N', 'YMDXZJFXQJVXBF-STHAYSLISA-N')"
colistin,fosfomycin,carbapenem,0.63,Additivity,FICI,33668905,YKQOSKADJPQZHB-RGYSVOEGSA-N,YMDXZJFXQJVXBF-STHAYSLISA-N,nan,"('YKQOSKADJPQZHB-RGYSVOEGSA-N', 'YMDXZJFXQJVXBF-STHAYSLISA-N')"
colistin,rifampicin,extensive drug-resistant acinetobacter baumannii,0.51,Additivity,FICI,19942947,YKQOSKADJPQZHB-RGYSVOEGSA-N,JQXXHWHPUNPDRT-WLSIYKJHSA-N,nan,"('JQXXHWHPUNPDRT-WLSIYKJHSA-N', 'YKQOSKADJPQZHB-RGYSVOEGSA-N')"
d-cycloserine,vancomycin,enterococcus faecalis jh2-2 08048,3,Antagonism,FICI,32277698,DYDCUQKUCUHJBH-UWTATZPHSA-N,MYPYJXKWCTUITO-LYRMYLQWSA-N,nan,"('DYDCUQKUCUHJBH-UWTATZPHSA-N', 'MYPYJXKWCTUITO-LYRMYLQWSA-N')"
d-cycloserine,vancomycin,enterococcus faecalis v583,3,Antagonism,FICI,32277698,DYDCUQKUCUHJBH-UWTATZPHSA-N,MYPYJXKWCTUITO-LYRMYLQWSA-N,nan,"('DYDCUQKUCUHJBH-UWTATZPHSA-N', 'MYPYJXKWCTUITO-LYRMYLQWSA-N')"
d-cycloserine,vancomycin,enterococcus faecium 08048,3,Antagonism,FICI,32277698,DYDCUQKUCUHJBH-UWTATZPHSA-N,MYPYJXKWCTUITO-LYRMYLQWSA-N,nan,"('DYDCUQKUCUHJBH-UWTATZPHSA-N', 'MYPYJXKWCTUITO-LYRMYLQWSA-N')"
d-cycloserine,vancomycin,enterococcus faecium bi22,5,Antagonism,FICI,32277698,DYDCUQKUCUHJBH-UWTATZPHSA-N,MYPYJXKWCTUITO-LYRMYLQWSA-N,nan,"('DYDCUQKUCUHJBH-UWTATZPHSA-N', 'MYPYJXKWCTUITO-LYRMYLQWSA-N')"
d-cycloserine,vancomycin,staphylococcus aureus 16038,0.5,Synergy,FICI,32277698,DYDCUQKUCUHJBH-UWTATZPHSA-N,MYPYJXKWCTUITO-LYRMYLQWSA-N,nan,"('DYDCUQKUCUHJBH-UWTATZPHSA-N', 'MYPYJXKWCTUITO-LYRMYLQWSA-N')"
d-cycloserine,vancomycin,staphylococcus aureus t-sar12a,5,Antagonism,FICI,32277698,DYDCUQKUCUHJBH-UWTATZPHSA-N,MYPYJXKWCTUITO-LYRMYLQWSA-N,nan,"('DYDCUQKUCUHJBH-UWTATZPHSA-N', 'MYPYJXKWCTUITO-LYRMYLQWSA-N')"
d-cycloserine,vancomycin,staphylococcus aureus t-sar12b,3,Antagonism,FICI,32277698,DYDCUQKUCUHJBH-UWTATZPHSA-N,MYPYJXKWCTUITO-LYRMYLQWSA-N,nan,"('DYDCUQKUCUHJBH-UWTATZPHSA-N', 'MYPYJXKWCTUITO-LYRMYLQWSA-N')"
daptomycin,linezolid,enterococcus faecalis 1693,2,Indifferent,FICI,27873692,DOAKLVKFURWEDJ-QCMAZARJSA-N,TYZROVQLWOKYKF-ZDUSSCGKSA-N,nan,"('DOAKLVKFURWEDJ-QCMAZARJSA-N', 'TYZROVQLWOKYKF-ZDUSSCGKSA-N')"
daptomycin,linezolid,enterococcus faecalis br,<0.5,Synergy,FICI,27873692,DOAKLVKFURWEDJ-QCMAZARJSA-N,TYZROVQLWOKYKF-ZDUSSCGKSA-N,nan,"('DOAKLVKFURWEDJ-QCMAZARJSA-N', 'TYZROVQLWOKYKF-ZDUSSCGKSA-N')"
daptomycin,linezolid,enterococcus faecalis d366,<0.5,Synergy,FICI,27873692,DOAKLVKFURWEDJ-QCMAZARJSA-N,TYZROVQLWOKYKF-ZDUSSCGKSA-N,nan,"('DOAKLVKFURWEDJ-QCMAZARJSA-N', 'TYZROVQLWOKYKF-ZDUSSCGKSA-N')"
daptomycin,linezolid,enterococcus faecalis ub,0.53,Additivity,FICI,27873692,DOAKLVKFURWEDJ-QCMAZARJSA-N,TYZROVQLWOKYKF-ZDUSSCGKSA-N,nan,"('DOAKLVKFURWEDJ-QCMAZARJSA-N', 'TYZROVQLWOKYKF-ZDUSSCGKSA-N')"
daptomycin,rifampicin,methicillin-resistant staphylococcus aureus,2,Indifference,FICI,28735049,DOAKLVKFURWEDJ-QCMAZARJSA-N,JQXXHWHPUNPDRT-WLSIYKJHSA-N,nan,"('DOAKLVKFURWEDJ-QCMAZARJSA-N', 'JQXXHWHPUNPDRT-WLSIYKJHSA-N')"
daptomycin,gentamicin,methicillin-resistant staphylococcus aureus,0.5,Synergy,FICI,28735049,DOAKLVKFURWEDJ-QCMAZARJSA-N,CEAZRRDELHUEMR-UHFFFAOYSA-N,nan,"('CEAZRRDELHUEMR-UHFFFAOYSA-N', 'DOAKLVKFURWEDJ-QCMAZARJSA-N')"
daptomycin,fosfomycin,methicillin-resistant staphylococcus aureus,0.2,Synergy,FICI,28735049,DOAKLVKFURWEDJ-QCMAZARJSA-N,YMDXZJFXQJVXBF-STHAYSLISA-N,nan,"('DOAKLVKFURWEDJ-QCMAZARJSA-N', 'YMDXZJFXQJVXBF-STHAYSLISA-N')"
daptomycin,fusidic acid,methicillin-resistant staphylococcus aureus,2,Indifference,FICI,28735049,DOAKLVKFURWEDJ-QCMAZARJSA-N,IECPWNUMDGFDKC-MZJAQBGESA-N,nan,"('DOAKLVKFURWEDJ-QCMAZARJSA-N', 'IECPWNUMDGFDKC-MZJAQBGESA-N')"
daptomycin,fosfomycin,enterococcus faecium,0.5,Synergy,FICI,33130503,DOAKLVKFURWEDJ-QCMAZARJSA-N,YMDXZJFXQJVXBF-STHAYSLISA-N,nan,"('DOAKLVKFURWEDJ-QCMAZARJSA-N', 'YMDXZJFXQJVXBF-STHAYSLISA-N')"
daptomycin,gentamicin,staphylococcus atcc29213,0.75,Additivity,FICI,29554250,DOAKLVKFURWEDJ-QCMAZARJSA-N,CEAZRRDELHUEMR-UHFFFAOYSA-N,nan,"('CEAZRRDELHUEMR-UHFFFAOYSA-N', 'DOAKLVKFURWEDJ-QCMAZARJSA-N')"
daptomycin,gentamicin,staphylococcus cns-j,0.75,Additivity,FICI,29554250,DOAKLVKFURWEDJ-QCMAZARJSA-N,CEAZRRDELHUEMR-UHFFFAOYSA-N,nan,"('CEAZRRDELHUEMR-UHFFFAOYSA-N', 'DOAKLVKFURWEDJ-QCMAZARJSA-N')"
doripenem,fosfomycin,carbapenem,0.52,Additivity,FICI,33668905,AVAACINZEOAHHE-VFZPANTDSA-N,YMDXZJFXQJVXBF-STHAYSLISA-N,nan,"('AVAACINZEOAHHE-VFZPANTDSA-N', 'YMDXZJFXQJVXBF-STHAYSLISA-N')"
doripenem,fosfomycin,carbapenem,0.75,Additivity,FICI,33668905,AVAACINZEOAHHE-VFZPANTDSA-N,YMDXZJFXQJVXBF-STHAYSLISA-N,nan,"('AVAACINZEOAHHE-VFZPANTDSA-N', 'YMDXZJFXQJVXBF-STHAYSLISA-N')"
ertapenem,meropenem,enterobacter cloacae complex hoffmann cluster iv,0.75,Additivity,FICI,30835635,JUZNIMUFDBIJCM-ANEDZVCMSA-N,DMJNNHOOLUXYBV-PQTSNVLCSA-N,nan,"('DMJNNHOOLUXYBV-PQTSNVLCSA-N', 'JUZNIMUFDBIJCM-ANEDZVCMSA-N')"
ertapenem,meropenem,enterobacter hormaechei,0.56,Additivity,FICI,30835635,JUZNIMUFDBIJCM-ANEDZVCMSA-N,DMJNNHOOLUXYBV-PQTSNVLCSA-N,nan,"('DMJNNHOOLUXYBV-PQTSNVLCSA-N', 'JUZNIMUFDBIJCM-ANEDZVCMSA-N')"
ertapenem,meropenem,escherichia coli tum15665,0.75,Additivity,FICI,30835635,JUZNIMUFDBIJCM-ANEDZVCMSA-N,DMJNNHOOLUXYBV-PQTSNVLCSA-N,nan,"('DMJNNHOOLUXYBV-PQTSNVLCSA-N', 'JUZNIMUFDBIJCM-ANEDZVCMSA-N')"
ertapenem,meropenem,escherichia coli tum15671,0.63,Additivity,FICI,30835635,JUZNIMUFDBIJCM-ANEDZVCMSA-N,DMJNNHOOLUXYBV-PQTSNVLCSA-N,nan,"('DMJNNHOOLUXYBV-PQTSNVLCSA-N', 'JUZNIMUFDBIJCM-ANEDZVCMSA-N')"
ertapenem,meropenem,klebsiella aerogenes tum15663,0.63,Additivity,FICI,30835635,JUZNIMUFDBIJCM-ANEDZVCMSA-N,DMJNNHOOLUXYBV-PQTSNVLCSA-N,nan,"('DMJNNHOOLUXYBV-PQTSNVLCSA-N', 'JUZNIMUFDBIJCM-ANEDZVCMSA-N')"
ertapenem,meropenem,klebsiella aerogenes tum15664,0.63,Additivity,FICI,30835635,JUZNIMUFDBIJCM-ANEDZVCMSA-N,DMJNNHOOLUXYBV-PQTSNVLCSA-N,nan,"('DMJNNHOOLUXYBV-PQTSNVLCSA-N', 'JUZNIMUFDBIJCM-ANEDZVCMSA-N')"
ertapenem,meropenem,klebsiella aerogenes tum15666,0.75,Additivity,FICI,30835635,JUZNIMUFDBIJCM-ANEDZVCMSA-N,DMJNNHOOLUXYBV-PQTSNVLCSA-N,nan,"('DMJNNHOOLUXYBV-PQTSNVLCSA-N', 'JUZNIMUFDBIJCM-ANEDZVCMSA-N')"
ertapenem,meropenem,klebsiella pneumoniae baa-1705,0.75,Additivity,FICI,30835635,JUZNIMUFDBIJCM-ANEDZVCMSA-N,DMJNNHOOLUXYBV-PQTSNVLCSA-N,nan,"('DMJNNHOOLUXYBV-PQTSNVLCSA-N', 'JUZNIMUFDBIJCM-ANEDZVCMSA-N')"
ertapenem,meropenem,klebsiella pneumoniae tum15667,0.53,Additivity,FICI,30835635,JUZNIMUFDBIJCM-ANEDZVCMSA-N,DMJNNHOOLUXYBV-PQTSNVLCSA-N,nan,"('DMJNNHOOLUXYBV-PQTSNVLCSA-N', 'JUZNIMUFDBIJCM-ANEDZVCMSA-N')"
ertapenem,meropenem,klebsiella pneumoniae tum15669,0.63,Additivity,FICI,30835635,JUZNIMUFDBIJCM-ANEDZVCMSA-N,DMJNNHOOLUXYBV-PQTSNVLCSA-N,nan,"('DMJNNHOOLUXYBV-PQTSNVLCSA-N', 'JUZNIMUFDBIJCM-ANEDZVCMSA-N')"
ertapenem,meropenem,klebsiella pneumoniae tum15670,0.56,Additivity,FICI,30835635,JUZNIMUFDBIJCM-ANEDZVCMSA-N,DMJNNHOOLUXYBV-PQTSNVLCSA-N,nan,"('DMJNNHOOLUXYBV-PQTSNVLCSA-N', 'JUZNIMUFDBIJCM-ANEDZVCMSA-N')"
ertapenem,gentamicin,neisseria gonorrhoeae,0.56,Additivity,FICI,28876284,JUZNIMUFDBIJCM-ANEDZVCMSA-N,CEAZRRDELHUEMR-UHFFFAOYSA-N,nan,"('CEAZRRDELHUEMR-UHFFFAOYSA-N', 'JUZNIMUFDBIJCM-ANEDZVCMSA-N')"
erythromycin,nalidixic acid,acinetobacter baumannii atcc baa-1710,1.5,Indifferent,FICI,33972678,ULGZDMOVFRHVEP-RWJQBGPGSA-N,MHWLWQUZZRMNGJ-UHFFFAOYSA-N,nan,"('MHWLWQUZZRMNGJ-UHFFFAOYSA-N', 'ULGZDMOVFRHVEP-RWJQBGPGSA-N')"
erythromycin,kanamycin,salmonella typhimurium,0.44,Synergy,FICI,31183498,ULGZDMOVFRHVEP-RWJQBGPGSA-N,SBUJHOSQTJFQJX-NOAMYHISSA-N,nan,"('SBUJHOSQTJFQJX-NOAMYHISSA-N', 'ULGZDMOVFRHVEP-RWJQBGPGSA-N')"
fosfomycin,lmipenem,carbapenem,0.75,Additivity,FICI,33668905,YMDXZJFXQJVXBF-STHAYSLISA-N,ZSKVGTPCRGIANV-ZXFLCMHBSA-N,nan,"('YMDXZJFXQJVXBF-STHAYSLISA-N', 'ZSKVGTPCRGIANV-ZXFLCMHBSA-N')"
fosfomycin,meropenem,carbapenem,0.63,Additivity,FICI,33668905,YMDXZJFXQJVXBF-STHAYSLISA-N,DMJNNHOOLUXYBV-PQTSNVLCSA-N,nan,"('DMJNNHOOLUXYBV-PQTSNVLCSA-N', 'YMDXZJFXQJVXBF-STHAYSLISA-N')"
fosfomycin,gentamicin,carbapenem,0.31,Synergy,FICI,33668905,YMDXZJFXQJVXBF-STHAYSLISA-N,CEAZRRDELHUEMR-UHFFFAOYSA-N,nan,"('CEAZRRDELHUEMR-UHFFFAOYSA-N', 'YMDXZJFXQJVXBF-STHAYSLISA-N')"
fosfomycin,tobramycin,carbapenem,0.31,Synergy,FICI,33668905,YMDXZJFXQJVXBF-STHAYSLISA-N,NLVFBUXFDBBNBW-PBSUHMDJSA-N,nan,"('NLVFBUXFDBBNBW-PBSUHMDJSA-N', 'YMDXZJFXQJVXBF-STHAYSLISA-N')"
fosfomycin,minocycline,carbapenem,0.31,Synergy,FICI,33668905,YMDXZJFXQJVXBF-STHAYSLISA-N,WTJXVDPDEQKTCV-VQAITOIOSA-N,nan,"('WTJXVDPDEQKTCV-VQAITOIOSA-N', 'YMDXZJFXQJVXBF-STHAYSLISA-N')"
fosfomycin,levofloxacin,carbapenem,0.75,Additivity,FICI,33668905,YMDXZJFXQJVXBF-STHAYSLISA-N,GSDSWSVVBLHKDQ-JTQLQIEISA-N,nan,"('GSDSWSVVBLHKDQ-JTQLQIEISA-N', 'YMDXZJFXQJVXBF-STHAYSLISA-N')"
fosfomycin,lmipenem,carbapenem,0.56,Additivity,FICI,33668905,YMDXZJFXQJVXBF-STHAYSLISA-N,ZSKVGTPCRGIANV-ZXFLCMHBSA-N,nan,"('YMDXZJFXQJVXBF-STHAYSLISA-N', 'ZSKVGTPCRGIANV-ZXFLCMHBSA-N')"
fosfomycin,meropenem,carbapenem,0.38,Synergy,FICI,33668905,YMDXZJFXQJVXBF-STHAYSLISA-N,DMJNNHOOLUXYBV-PQTSNVLCSA-N,nan,"('DMJNNHOOLUXYBV-PQTSNVLCSA-N', 'YMDXZJFXQJVXBF-STHAYSLISA-N')"
fosfomycin,gentamicin,carbapenem,0.75,Additivity,FICI,33668905,YMDXZJFXQJVXBF-STHAYSLISA-N,CEAZRRDELHUEMR-UHFFFAOYSA-N,nan,"('CEAZRRDELHUEMR-UHFFFAOYSA-N', 'YMDXZJFXQJVXBF-STHAYSLISA-N')"
fosfomycin,tobramycin,carbapenem,0.75,Additivity,FICI,33668905,YMDXZJFXQJVXBF-STHAYSLISA-N,NLVFBUXFDBBNBW-PBSUHMDJSA-N,nan,"('NLVFBUXFDBBNBW-PBSUHMDJSA-N', 'YMDXZJFXQJVXBF-STHAYSLISA-N')"
fosfomycin,minocycline,carbapenem,1,Additivity,FICI,33668905,YMDXZJFXQJVXBF-STHAYSLISA-N,WTJXVDPDEQKTCV-VQAITOIOSA-N,nan,"('WTJXVDPDEQKTCV-VQAITOIOSA-N', 'YMDXZJFXQJVXBF-STHAYSLISA-N')"
fosfomycin,gentamicin,carbapenem,0.38,Synergy,FICI,33668905,YMDXZJFXQJVXBF-STHAYSLISA-N,CEAZRRDELHUEMR-UHFFFAOYSA-N,nan,"('CEAZRRDELHUEMR-UHFFFAOYSA-N', 'YMDXZJFXQJVXBF-STHAYSLISA-N')"
fosfomycin,tobramycin,carbapenem,0.37,Synergy,FICI,33668905,YMDXZJFXQJVXBF-STHAYSLISA-N,NLVFBUXFDBBNBW-PBSUHMDJSA-N,nan,"('NLVFBUXFDBBNBW-PBSUHMDJSA-N', 'YMDXZJFXQJVXBF-STHAYSLISA-N')"
fosfomycin,levofloxacin,carbapenem,0.5,Additivity,FICI,33668905,YMDXZJFXQJVXBF-STHAYSLISA-N,GSDSWSVVBLHKDQ-JTQLQIEISA-N,nan,"('GSDSWSVVBLHKDQ-JTQLQIEISA-N', 'YMDXZJFXQJVXBF-STHAYSLISA-N')"
fosfomycin,meropenem,enterobacteriaceae,1.37,Indifferent,FICI,31213392,YMDXZJFXQJVXBF-STHAYSLISA-N,DMJNNHOOLUXYBV-PQTSNVLCSA-N,nan,"('DMJNNHOOLUXYBV-PQTSNVLCSA-N', 'YMDXZJFXQJVXBF-STHAYSLISA-N')"
fosfomycin,tobramycin,enterobacteriaceae,1.31,Indifferent,FICI,31213392,YMDXZJFXQJVXBF-STHAYSLISA-N,NLVFBUXFDBBNBW-PBSUHMDJSA-N,nan,"('NLVFBUXFDBBNBW-PBSUHMDJSA-N', 'YMDXZJFXQJVXBF-STHAYSLISA-N')"
fosfomycin,linezolid,enterococcus faecium,0.75,Additivity,FICI,33130503,YMDXZJFXQJVXBF-STHAYSLISA-N,TYZROVQLWOKYKF-ZDUSSCGKSA-N,nan,"('TYZROVQLWOKYKF-ZDUSSCGKSA-N', 'YMDXZJFXQJVXBF-STHAYSLISA-N')"
fosfomycin,nitrofurantoin,enterococcus faecium,0.62,Additivity,FICI,33130503,YMDXZJFXQJVXBF-STHAYSLISA-N,NXFQHRVNIOXGAQ-YCRREMRBSA-N,nan,"('NXFQHRVNIOXGAQ-YCRREMRBSA-N', 'YMDXZJFXQJVXBF-STHAYSLISA-N')"
fosfomycin,vancomycin,enterococcus faecium,0.75,Additivity,FICI,33130503,YMDXZJFXQJVXBF-STHAYSLISA-N,MYPYJXKWCTUITO-LYRMYLQWSA-N,nan,"('MYPYJXKWCTUITO-LYRMYLQWSA-N', 'YMDXZJFXQJVXBF-STHAYSLISA-N')"
fosfomycin,tobramycin,pseudomonas aeruginosa atcc27853,0.56,Additivity,FICI,29084746,YMDXZJFXQJVXBF-STHAYSLISA-N,NLVFBUXFDBBNBW-PBSUHMDJSA-N,nan,"('NLVFBUXFDBBNBW-PBSUHMDJSA-N', 'YMDXZJFXQJVXBF-STHAYSLISA-N')"
fosfomycin,nalidixic acid,acinetobacter baumannii atcc baa-1710,2,Indifferent,FICI,33972678,YMDXZJFXQJVXBF-STHAYSLISA-N,MHWLWQUZZRMNGJ-UHFFFAOYSA-N,nan,"('MHWLWQUZZRMNGJ-UHFFFAOYSA-N', 'YMDXZJFXQJVXBF-STHAYSLISA-N')"
fosfomycin,linezolid,enterococcus faecalis atcc29212,1,Additivity,FICI,31814738,YMDXZJFXQJVXBF-STHAYSLISA-N,TYZROVQLWOKYKF-ZDUSSCGKSA-N,nan,"('TYZROVQLWOKYKF-ZDUSSCGKSA-N', 'YMDXZJFXQJVXBF-STHAYSLISA-N')"
fosfomycin,linezolid,enterococcus faecalis atcc51299,0.52,Additivity,FICI,31814738,YMDXZJFXQJVXBF-STHAYSLISA-N,TYZROVQLWOKYKF-ZDUSSCGKSA-N,nan,"('TYZROVQLWOKYKF-ZDUSSCGKSA-N', 'YMDXZJFXQJVXBF-STHAYSLISA-N')"
fosfomycin,linezolid,methicillin-resistant staphylococcus aureus 152898,0.5,Synergy,FICI,27366751,YMDXZJFXQJVXBF-STHAYSLISA-N,TYZROVQLWOKYKF-ZDUSSCGKSA-N,nan,"('TYZROVQLWOKYKF-ZDUSSCGKSA-N', 'YMDXZJFXQJVXBF-STHAYSLISA-N')"
fosfomycin,linezolid,methicillin-resistant staphylococcus aureus 154311,0.38,Synergy,FICI,27366751,YMDXZJFXQJVXBF-STHAYSLISA-N,TYZROVQLWOKYKF-ZDUSSCGKSA-N,nan,"('TYZROVQLWOKYKF-ZDUSSCGKSA-N', 'YMDXZJFXQJVXBF-STHAYSLISA-N')"
fosfomycin,linezolid,methicillin-resistant staphylococcus aureus 159228,0.38,Synergy,FICI,27366751,YMDXZJFXQJVXBF-STHAYSLISA-N,TYZROVQLWOKYKF-ZDUSSCGKSA-N,nan,"('TYZROVQLWOKYKF-ZDUSSCGKSA-N', 'YMDXZJFXQJVXBF-STHAYSLISA-N')"
fosfomycin,linezolid,methicillin-sensitive staphylococcus aureus hf008,0.75,Additivity,FICI,17099793,YMDXZJFXQJVXBF-STHAYSLISA-N,TYZROVQLWOKYKF-ZDUSSCGKSA-N,nan,"('TYZROVQLWOKYKF-ZDUSSCGKSA-N', 'YMDXZJFXQJVXBF-STHAYSLISA-N')"
fosfomycin,linezolid,methicillin-sensitive staphylococcus aureus hf095,0.38,Synergy,FICI,17099793,YMDXZJFXQJVXBF-STHAYSLISA-N,TYZROVQLWOKYKF-ZDUSSCGKSA-N,nan,"('TYZROVQLWOKYKF-ZDUSSCGKSA-N', 'YMDXZJFXQJVXBF-STHAYSLISA-N')"
fosfomycin,linezolid,methicillin-sensitive staphylococcus aureus hf295,0.5,Synergy,FICI,17099793,YMDXZJFXQJVXBF-STHAYSLISA-N,TYZROVQLWOKYKF-ZDUSSCGKSA-N,nan,"('TYZROVQLWOKYKF-ZDUSSCGKSA-N', 'YMDXZJFXQJVXBF-STHAYSLISA-N')"
fosfomycin,linezolid,methicillin-sensitive staphylococcus aureus hf602,0.5,Synergy,FICI,17099793,YMDXZJFXQJVXBF-STHAYSLISA-N,TYZROVQLWOKYKF-ZDUSSCGKSA-N,nan,"('TYZROVQLWOKYKF-ZDUSSCGKSA-N', 'YMDXZJFXQJVXBF-STHAYSLISA-N')"
fosfomycin,linezolid,methicillin-sensitive staphylococcus aureus hf946,0.38,Synergy,FICI,17099793,YMDXZJFXQJVXBF-STHAYSLISA-N,TYZROVQLWOKYKF-ZDUSSCGKSA-N,nan,"('TYZROVQLWOKYKF-ZDUSSCGKSA-N', 'YMDXZJFXQJVXBF-STHAYSLISA-N')"
fusidic acid,trimethoprim,escherichia coli bw25113,-0.98,Synergy,Loewe,26956793,IECPWNUMDGFDKC-MZJAQBGESA-N,IEDVJHCEMCRBQM-UHFFFAOYSA-N,escherichia coli,"('IECPWNUMDGFDKC-MZJAQBGESA-N', 'IEDVJHCEMCRBQM-UHFFFAOYSA-N')"
fusidic acid,rifampicin,escherichia coli bw25113,-0.14,Additivity,Loewe,26956793,IECPWNUMDGFDKC-MZJAQBGESA-N,JQXXHWHPUNPDRT-WLSIYKJHSA-N,escherichia coli,"('IECPWNUMDGFDKC-MZJAQBGESA-N', 'JQXXHWHPUNPDRT-WLSIYKJHSA-N')"
gentamicin,meropenem,carbapenem-resistant escherichia coli,0.75,Additivity,FICI,33349537,CEAZRRDELHUEMR-UHFFFAOYSA-N,DMJNNHOOLUXYBV-PQTSNVLCSA-N,nan,"('CEAZRRDELHUEMR-UHFFFAOYSA-N', 'DMJNNHOOLUXYBV-PQTSNVLCSA-N')"
gentamicin,spectinomycin,neisseria gonorrhoeae,1.34,Indifferent,FICI,28876284,CEAZRRDELHUEMR-UHFFFAOYSA-N,UNFWWIHTNXNPBV-WXKVUWSESA-N,nan,"('CEAZRRDELHUEMR-UHFFFAOYSA-N', 'UNFWWIHTNXNPBV-WXKVUWSESA-N')"
gentamicin,moxifloxacin,neisseria gonorrhoeae,1.3,Indifferent,FICI,28876284,CEAZRRDELHUEMR-UHFFFAOYSA-N,FABPRXSRWADJSP-MEDUHNTESA-N,nan,"('CEAZRRDELHUEMR-UHFFFAOYSA-N', 'FABPRXSRWADJSP-MEDUHNTESA-N')"
gentamicin,piperacillin,pseudomonas aeruginosa,0.75,Additivity,FICI,33582141,CEAZRRDELHUEMR-UHFFFAOYSA-N,IVBHGBMCVLDMKU-GXNBUGAJSA-N,nan,"('CEAZRRDELHUEMR-UHFFFAOYSA-N', 'IVBHGBMCVLDMKU-GXNBUGAJSA-N')"
gentamicin,ticarcillin,pseudomonas aeruginosa,0.5,Synergy,FICI,33582141,CEAZRRDELHUEMR-UHFFFAOYSA-N,OHKOGUYZJXTSFX-KZFFXBSXSA-N,nan,"('CEAZRRDELHUEMR-UHFFFAOYSA-N', 'OHKOGUYZJXTSFX-KZFFXBSXSA-N')"
gentamicin,lmipenem,pseudomonas aeruginosa,1,Additivity,FICI,33582141,CEAZRRDELHUEMR-UHFFFAOYSA-N,ZSKVGTPCRGIANV-ZXFLCMHBSA-N,nan,"('CEAZRRDELHUEMR-UHFFFAOYSA-N', 'ZSKVGTPCRGIANV-ZXFLCMHBSA-N')"
gentamicin,levofloxacin,pseudomonas aeruginosa,1,Additivity,FICI,33582141,CEAZRRDELHUEMR-UHFFFAOYSA-N,GSDSWSVVBLHKDQ-JTQLQIEISA-N,nan,"('CEAZRRDELHUEMR-UHFFFAOYSA-N', 'GSDSWSVVBLHKDQ-JTQLQIEISA-N')"
gentamicin,vancomycin,staphylococcus atcc29213,0.19,Synergy,FICI,29554250,CEAZRRDELHUEMR-UHFFFAOYSA-N,MYPYJXKWCTUITO-LYRMYLQWSA-N,nan,"('CEAZRRDELHUEMR-UHFFFAOYSA-N', 'MYPYJXKWCTUITO-LYRMYLQWSA-N')"
gentamicin,rifampicin,staphylococcus atcc29213,8,Antagonism,FICI,29554250,CEAZRRDELHUEMR-UHFFFAOYSA-N,JQXXHWHPUNPDRT-WLSIYKJHSA-N,nan,"('CEAZRRDELHUEMR-UHFFFAOYSA-N', 'JQXXHWHPUNPDRT-WLSIYKJHSA-N')"
gentamicin,linezolid,staphylococcus atcc29213,8.06,Antagonism,FICI,29554250,CEAZRRDELHUEMR-UHFFFAOYSA-N,TYZROVQLWOKYKF-ZDUSSCGKSA-N,nan,"('CEAZRRDELHUEMR-UHFFFAOYSA-N', 'TYZROVQLWOKYKF-ZDUSSCGKSA-N')"
gentamicin,vancomycin,staphylococcus cns-j,1.06,Indifferent,FICI,29554250,CEAZRRDELHUEMR-UHFFFAOYSA-N,MYPYJXKWCTUITO-LYRMYLQWSA-N,nan,"('CEAZRRDELHUEMR-UHFFFAOYSA-N', 'MYPYJXKWCTUITO-LYRMYLQWSA-N')"
gentamicin,rifampicin,staphylococcus cns-j,16,Antagonism,FICI,29554250,CEAZRRDELHUEMR-UHFFFAOYSA-N,JQXXHWHPUNPDRT-WLSIYKJHSA-N,nan,"('CEAZRRDELHUEMR-UHFFFAOYSA-N', 'JQXXHWHPUNPDRT-WLSIYKJHSA-N')"
gentamicin,linezolid,staphylococcus cns-j,8.06,Antagonism,FICI,29554250,CEAZRRDELHUEMR-UHFFFAOYSA-N,TYZROVQLWOKYKF-ZDUSSCGKSA-N,nan,"('CEAZRRDELHUEMR-UHFFFAOYSA-N', 'TYZROVQLWOKYKF-ZDUSSCGKSA-N')"
gentamicin,penicillin g,streptococcus,1.4,Indifferent,FICI,27818657,CEAZRRDELHUEMR-UHFFFAOYSA-N,JGSARLDLIJGVTE-MBNYWOFBSA-N,nan,"('CEAZRRDELHUEMR-UHFFFAOYSA-N', 'JGSARLDLIJGVTE-MBNYWOFBSA-N')"
gentamicin,nalidixic acid,acinetobacter baumannii atcc baa-1710,1.5,Indifferent,FICI,33972678,CEAZRRDELHUEMR-UHFFFAOYSA-N,MHWLWQUZZRMNGJ-UHFFFAOYSA-N,nan,"('CEAZRRDELHUEMR-UHFFFAOYSA-N', 'MHWLWQUZZRMNGJ-UHFFFAOYSA-N')"
gentamicin,rifampicin,escherichia coli bw25113,1.21,Antagonism,Loewe,26956793,CEAZRRDELHUEMR-UHFFFAOYSA-N,JQXXHWHPUNPDRT-WLSIYKJHSA-N,escherichia coli,"('CEAZRRDELHUEMR-UHFFFAOYSA-N', 'JQXXHWHPUNPDRT-WLSIYKJHSA-N')"
kanamycin,penicillin g,salmonella typhimurium,0.36,Synergy,FICI,31183498,SBUJHOSQTJFQJX-NOAMYHISSA-N,JGSARLDLIJGVTE-MBNYWOFBSA-N,nan,"('JGSARLDLIJGVTE-MBNYWOFBSA-N', 'SBUJHOSQTJFQJX-NOAMYHISSA-N')"
levofloxacin,vancomycin,acinetobacter baumannii,1.93,Indifferent,FICI,32845920,GSDSWSVVBLHKDQ-JTQLQIEISA-N,MYPYJXKWCTUITO-LYRMYLQWSA-N,nan,"('GSDSWSVVBLHKDQ-JTQLQIEISA-N', 'MYPYJXKWCTUITO-LYRMYLQWSA-N')"
levofloxacin,minocycline,acinetobacter baumannii atcc baa-1710,2,Indifferent,FICI,33972678,GSDSWSVVBLHKDQ-JTQLQIEISA-N,WTJXVDPDEQKTCV-VQAITOIOSA-N,nan,"('GSDSWSVVBLHKDQ-JTQLQIEISA-N', 'WTJXVDPDEQKTCV-VQAITOIOSA-N')"
levofloxacin,piperacillin,pseudomonas aeruginosa,0.75,Additivity,FICI,33582141,GSDSWSVVBLHKDQ-JTQLQIEISA-N,IVBHGBMCVLDMKU-GXNBUGAJSA-N,nan,"('GSDSWSVVBLHKDQ-JTQLQIEISA-N', 'IVBHGBMCVLDMKU-GXNBUGAJSA-N')"
levofloxacin,chlorhexidine,acinetobacter baumannii,0.38,Synergy,FICI,33731026,GSDSWSVVBLHKDQ-JTQLQIEISA-N,GHXZTYHSJHQHIJ-UHFFFAOYSA-N,nan,"('GHXZTYHSJHQHIJ-UHFFFAOYSA-N', 'GSDSWSVVBLHKDQ-JTQLQIEISA-N')"
levofloxacin,linezolid,methicillin-resistant staphylococcus aureus 152898,0.75,Additivity,FICI,27366751,GSDSWSVVBLHKDQ-JTQLQIEISA-N,TYZROVQLWOKYKF-ZDUSSCGKSA-N,nan,"('GSDSWSVVBLHKDQ-JTQLQIEISA-N', 'TYZROVQLWOKYKF-ZDUSSCGKSA-N')"
levofloxacin,linezolid,methicillin-resistant staphylococcus aureus 154311,0.25,Synergy,FICI,27366751,GSDSWSVVBLHKDQ-JTQLQIEISA-N,TYZROVQLWOKYKF-ZDUSSCGKSA-N,nan,"('GSDSWSVVBLHKDQ-JTQLQIEISA-N', 'TYZROVQLWOKYKF-ZDUSSCGKSA-N')"
levofloxacin,linezolid,methicillin-resistant staphylococcus aureus 159228,0.75,Additivity,FICI,27366751,GSDSWSVVBLHKDQ-JTQLQIEISA-N,TYZROVQLWOKYKF-ZDUSSCGKSA-N,nan,"('GSDSWSVVBLHKDQ-JTQLQIEISA-N', 'TYZROVQLWOKYKF-ZDUSSCGKSA-N')"
levofloxacin,linezolid,methicillin-sensitive staphylococcus aureus hf008,2.5,Indifference,FICI,17099793,GSDSWSVVBLHKDQ-JTQLQIEISA-N,TYZROVQLWOKYKF-ZDUSSCGKSA-N,nan,"('GSDSWSVVBLHKDQ-JTQLQIEISA-N', 'TYZROVQLWOKYKF-ZDUSSCGKSA-N')"
levofloxacin,linezolid,methicillin-sensitive staphylococcus aureus hf095,4.5,Antagonism,FICI,17099793,GSDSWSVVBLHKDQ-JTQLQIEISA-N,TYZROVQLWOKYKF-ZDUSSCGKSA-N,nan,"('GSDSWSVVBLHKDQ-JTQLQIEISA-N', 'TYZROVQLWOKYKF-ZDUSSCGKSA-N')"
levofloxacin,linezolid,methicillin-sensitive staphylococcus aureus hf295,4.5,Antagonism,FICI,17099793,GSDSWSVVBLHKDQ-JTQLQIEISA-N,TYZROVQLWOKYKF-ZDUSSCGKSA-N,nan,"('GSDSWSVVBLHKDQ-JTQLQIEISA-N', 'TYZROVQLWOKYKF-ZDUSSCGKSA-N')"
levofloxacin,linezolid,methicillin-sensitive staphylococcus aureus hf602,2.5,Indifference,FICI,17099793,GSDSWSVVBLHKDQ-JTQLQIEISA-N,TYZROVQLWOKYKF-ZDUSSCGKSA-N,nan,"('GSDSWSVVBLHKDQ-JTQLQIEISA-N', 'TYZROVQLWOKYKF-ZDUSSCGKSA-N')"
levofloxacin,linezolid,methicillin-sensitive staphylococcus aureus hf946,1.5,Indifference,FICI,17099793,GSDSWSVVBLHKDQ-JTQLQIEISA-N,TYZROVQLWOKYKF-ZDUSSCGKSA-N,nan,"('GSDSWSVVBLHKDQ-JTQLQIEISA-N', 'TYZROVQLWOKYKF-ZDUSSCGKSA-N')"
levofloxacin,meropenem,pseudomonas aeruginosa,3,Indifferent,FICI,30880231,GSDSWSVVBLHKDQ-JTQLQIEISA-N,DMJNNHOOLUXYBV-PQTSNVLCSA-N,nan,"('DMJNNHOOLUXYBV-PQTSNVLCSA-N', 'GSDSWSVVBLHKDQ-JTQLQIEISA-N')"
linezolid,vancomycin,enterococcus faecalis atcc29212,1,Additivity,FICI,28235571,TYZROVQLWOKYKF-ZDUSSCGKSA-N,MYPYJXKWCTUITO-LYRMYLQWSA-N,nan,"('MYPYJXKWCTUITO-LYRMYLQWSA-N', 'TYZROVQLWOKYKF-ZDUSSCGKSA-N')"
linezolid,rifampicin,enterococcus faecalis atcc29212,0.62,Additivity,FICI,28235571,TYZROVQLWOKYKF-ZDUSSCGKSA-N,JQXXHWHPUNPDRT-WLSIYKJHSA-N,nan,"('JQXXHWHPUNPDRT-WLSIYKJHSA-N', 'TYZROVQLWOKYKF-ZDUSSCGKSA-N')"
linezolid,vancomycin,enterococcus faecalis atcc51299,0.75,Additivity,FICI,28235571,TYZROVQLWOKYKF-ZDUSSCGKSA-N,MYPYJXKWCTUITO-LYRMYLQWSA-N,nan,"('MYPYJXKWCTUITO-LYRMYLQWSA-N', 'TYZROVQLWOKYKF-ZDUSSCGKSA-N')"
linezolid,rifampicin,enterococcus faecalis atcc51299,0.62,Additivity,FICI,28235571,TYZROVQLWOKYKF-ZDUSSCGKSA-N,JQXXHWHPUNPDRT-WLSIYKJHSA-N,nan,"('JQXXHWHPUNPDRT-WLSIYKJHSA-N', 'TYZROVQLWOKYKF-ZDUSSCGKSA-N')"
linezolid,vancomycin,enterococcus faecalis atcc51559,0.56,Additivity,FICI,28235571,TYZROVQLWOKYKF-ZDUSSCGKSA-N,MYPYJXKWCTUITO-LYRMYLQWSA-N,nan,"('MYPYJXKWCTUITO-LYRMYLQWSA-N', 'TYZROVQLWOKYKF-ZDUSSCGKSA-N')"
linezolid,rifampicin,enterococcus faecalis atcc51559,0.5,Synergy,FICI,28235571,TYZROVQLWOKYKF-ZDUSSCGKSA-N,JQXXHWHPUNPDRT-WLSIYKJHSA-N,nan,"('JQXXHWHPUNPDRT-WLSIYKJHSA-N', 'TYZROVQLWOKYKF-ZDUSSCGKSA-N')"
linezolid,vancomycin,enterococcus faecalis e019,1,Additivity,FICI,28235571,TYZROVQLWOKYKF-ZDUSSCGKSA-N,MYPYJXKWCTUITO-LYRMYLQWSA-N,nan,"('MYPYJXKWCTUITO-LYRMYLQWSA-N', 'TYZROVQLWOKYKF-ZDUSSCGKSA-N')"
linezolid,rifampicin,enterococcus faecalis e019,0.62,Additivity,FICI,28235571,TYZROVQLWOKYKF-ZDUSSCGKSA-N,JQXXHWHPUNPDRT-WLSIYKJHSA-N,nan,"('JQXXHWHPUNPDRT-WLSIYKJHSA-N', 'TYZROVQLWOKYKF-ZDUSSCGKSA-N')"
linezolid,vancomycin,enterococcus faecalis e039,0.56,Additivity,FICI,28235571,TYZROVQLWOKYKF-ZDUSSCGKSA-N,MYPYJXKWCTUITO-LYRMYLQWSA-N,nan,"('MYPYJXKWCTUITO-LYRMYLQWSA-N', 'TYZROVQLWOKYKF-ZDUSSCGKSA-N')"
linezolid,rifampicin,enterococcus faecalis e039,0.62,Additivity,FICI,28235571,TYZROVQLWOKYKF-ZDUSSCGKSA-N,JQXXHWHPUNPDRT-WLSIYKJHSA-N,nan,"('JQXXHWHPUNPDRT-WLSIYKJHSA-N', 'TYZROVQLWOKYKF-ZDUSSCGKSA-N')"
linezolid,vancomycin,enterococcus faecalis e045,1.5,Additivity,FICI,28235571,TYZROVQLWOKYKF-ZDUSSCGKSA-N,MYPYJXKWCTUITO-LYRMYLQWSA-N,nan,"('MYPYJXKWCTUITO-LYRMYLQWSA-N', 'TYZROVQLWOKYKF-ZDUSSCGKSA-N')"
linezolid,rifampicin,enterococcus faecalis e045,0.75,Additivity,FICI,28235571,TYZROVQLWOKYKF-ZDUSSCGKSA-N,JQXXHWHPUNPDRT-WLSIYKJHSA-N,nan,"('JQXXHWHPUNPDRT-WLSIYKJHSA-N', 'TYZROVQLWOKYKF-ZDUSSCGKSA-N')"
linezolid,vancomycin,enterococcus faecalis uw6940,1,Additivity,FICI,28235571,TYZROVQLWOKYKF-ZDUSSCGKSA-N,MYPYJXKWCTUITO-LYRMYLQWSA-N,nan,"('MYPYJXKWCTUITO-LYRMYLQWSA-N', 'TYZROVQLWOKYKF-ZDUSSCGKSA-N')"
linezolid,rifampicin,enterococcus faecalis uw6940,0.75,Additivity,FICI,28235571,TYZROVQLWOKYKF-ZDUSSCGKSA-N,JQXXHWHPUNPDRT-WLSIYKJHSA-N,nan,"('JQXXHWHPUNPDRT-WLSIYKJHSA-N', 'TYZROVQLWOKYKF-ZDUSSCGKSA-N')"
linezolid,rifampicin,flavobacterium meningosepticum,0.74,Additivity,FICI,9597247,TYZROVQLWOKYKF-ZDUSSCGKSA-N,JQXXHWHPUNPDRT-WLSIYKJHSA-N,nan,"('JQXXHWHPUNPDRT-WLSIYKJHSA-N', 'TYZROVQLWOKYKF-ZDUSSCGKSA-N')"
linezolid,vancomycin,flavobacterium meningosepticum,0.75,Additivity,FICI,9597247,TYZROVQLWOKYKF-ZDUSSCGKSA-N,MYPYJXKWCTUITO-LYRMYLQWSA-N,nan,"('MYPYJXKWCTUITO-LYRMYLQWSA-N', 'TYZROVQLWOKYKF-ZDUSSCGKSA-N')"
linezolid,rifampicin,methicillin-resistant staphylococcus aureus 152898,1.1,Indifferent,FICI,27366751,TYZROVQLWOKYKF-ZDUSSCGKSA-N,JQXXHWHPUNPDRT-WLSIYKJHSA-N,nan,"('JQXXHWHPUNPDRT-WLSIYKJHSA-N', 'TYZROVQLWOKYKF-ZDUSSCGKSA-N')"
linezolid,rifampicin,methicillin-resistant staphylococcus aureus 154311,1.1,Indifferent,FICI,27366751,TYZROVQLWOKYKF-ZDUSSCGKSA-N,JQXXHWHPUNPDRT-WLSIYKJHSA-N,nan,"('JQXXHWHPUNPDRT-WLSIYKJHSA-N', 'TYZROVQLWOKYKF-ZDUSSCGKSA-N')"
linezolid,rifampicin,methicillin-resistant staphylococcus aureus 159228,1.1,Indifferent,FICI,27366751,TYZROVQLWOKYKF-ZDUSSCGKSA-N,JQXXHWHPUNPDRT-WLSIYKJHSA-N,nan,"('JQXXHWHPUNPDRT-WLSIYKJHSA-N', 'TYZROVQLWOKYKF-ZDUSSCGKSA-N')"
linezolid,rifampicin,methicillin-sensitive staphylococcus aureus hf008,0.56,Additivity,FICI,17099793,TYZROVQLWOKYKF-ZDUSSCGKSA-N,JQXXHWHPUNPDRT-WLSIYKJHSA-N,nan,"('JQXXHWHPUNPDRT-WLSIYKJHSA-N', 'TYZROVQLWOKYKF-ZDUSSCGKSA-N')"
linezolid,vancomycin,methicillin-sensitive staphylococcus aureus hf008,1.13,Indifference,FICI,17099793,TYZROVQLWOKYKF-ZDUSSCGKSA-N,MYPYJXKWCTUITO-LYRMYLQWSA-N,nan,"('MYPYJXKWCTUITO-LYRMYLQWSA-N', 'TYZROVQLWOKYKF-ZDUSSCGKSA-N')"
linezolid,rifampicin,methicillin-sensitive staphylococcus aureus hf095,0.5,Synergy,FICI,17099793,TYZROVQLWOKYKF-ZDUSSCGKSA-N,JQXXHWHPUNPDRT-WLSIYKJHSA-N,nan,"('JQXXHWHPUNPDRT-WLSIYKJHSA-N', 'TYZROVQLWOKYKF-ZDUSSCGKSA-N')"
linezolid,vancomycin,methicillin-sensitive staphylococcus aureus hf095,1,Additivity,FICI,17099793,TYZROVQLWOKYKF-ZDUSSCGKSA-N,MYPYJXKWCTUITO-LYRMYLQWSA-N,nan,"('MYPYJXKWCTUITO-LYRMYLQWSA-N', 'TYZROVQLWOKYKF-ZDUSSCGKSA-N')"
linezolid,rifampicin,methicillin-sensitive staphylococcus aureus hf295,1,Additivity,FICI,17099793,TYZROVQLWOKYKF-ZDUSSCGKSA-N,JQXXHWHPUNPDRT-WLSIYKJHSA-N,nan,"('JQXXHWHPUNPDRT-WLSIYKJHSA-N', 'TYZROVQLWOKYKF-ZDUSSCGKSA-N')"
linezolid,vancomycin,methicillin-sensitive staphylococcus aureus hf295,1.13,Indifference,FICI,17099793,TYZROVQLWOKYKF-ZDUSSCGKSA-N,MYPYJXKWCTUITO-LYRMYLQWSA-N,nan,"('MYPYJXKWCTUITO-LYRMYLQWSA-N', 'TYZROVQLWOKYKF-ZDUSSCGKSA-N')"
linezolid,rifampicin,methicillin-sensitive staphylococcus aureus hf602,0.75,Additivity,FICI,17099793,TYZROVQLWOKYKF-ZDUSSCGKSA-N,JQXXHWHPUNPDRT-WLSIYKJHSA-N,nan,"('JQXXHWHPUNPDRT-WLSIYKJHSA-N', 'TYZROVQLWOKYKF-ZDUSSCGKSA-N')"
linezolid,vancomycin,methicillin-sensitive staphylococcus aureus hf602,1.06,Indifference,FICI,17099793,TYZROVQLWOKYKF-ZDUSSCGKSA-N,MYPYJXKWCTUITO-LYRMYLQWSA-N,nan,"('MYPYJXKWCTUITO-LYRMYLQWSA-N', 'TYZROVQLWOKYKF-ZDUSSCGKSA-N')"
linezolid,rifampicin,methicillin-sensitive staphylococcus aureus hf946,1,Additivity,FICI,17099793,TYZROVQLWOKYKF-ZDUSSCGKSA-N,JQXXHWHPUNPDRT-WLSIYKJHSA-N,nan,"('JQXXHWHPUNPDRT-WLSIYKJHSA-N', 'TYZROVQLWOKYKF-ZDUSSCGKSA-N')"
linezolid,vancomycin,methicillin-sensitive staphylococcus aureus hf946,1.13,Indifference,FICI,17099793,TYZROVQLWOKYKF-ZDUSSCGKSA-N,MYPYJXKWCTUITO-LYRMYLQWSA-N,nan,"('MYPYJXKWCTUITO-LYRMYLQWSA-N', 'TYZROVQLWOKYKF-ZDUSSCGKSA-N')"
linezolid,rifampicin,bacillus anthracis str. sterne,1.06,Indifferent,FICI,15793105,TYZROVQLWOKYKF-ZDUSSCGKSA-N,JQXXHWHPUNPDRT-WLSIYKJHSA-N,nan,"('JQXXHWHPUNPDRT-WLSIYKJHSA-N', 'TYZROVQLWOKYKF-ZDUSSCGKSA-N')"
linezolid,penicillin g,bacillus anthracis str. sterne,4.25,Antagonism,FICI,15793105,TYZROVQLWOKYKF-ZDUSSCGKSA-N,JGSARLDLIJGVTE-MBNYWOFBSA-N,nan,"('JGSARLDLIJGVTE-MBNYWOFBSA-N', 'TYZROVQLWOKYKF-ZDUSSCGKSA-N')"
linezolid,rifampicin,bacillus anthracis str. sti,0.56,Additivity,FICI,15793105,TYZROVQLWOKYKF-ZDUSSCGKSA-N,JQXXHWHPUNPDRT-WLSIYKJHSA-N,nan,"('JQXXHWHPUNPDRT-WLSIYKJHSA-N', 'TYZROVQLWOKYKF-ZDUSSCGKSA-N')"
linezolid,penicillin g,bacillus anthracis str. sti,33,Antagonism,FICI,15793105,TYZROVQLWOKYKF-ZDUSSCGKSA-N,JGSARLDLIJGVTE-MBNYWOFBSA-N,nan,"('JGSARLDLIJGVTE-MBNYWOFBSA-N', 'TYZROVQLWOKYKF-ZDUSSCGKSA-N')"
meropenem,cefmetazole,enterobacter cloacae complex hoffmann cluster iv,0.38,Synergy,FICI,30835635,DMJNNHOOLUXYBV-PQTSNVLCSA-N,SNBUBQHDYVFSQF-HIFRSBDPSA-N,nan,"('DMJNNHOOLUXYBV-PQTSNVLCSA-N', 'SNBUBQHDYVFSQF-HIFRSBDPSA-N')"
meropenem,cefmetazole,enterobacter hormaechei,0.2,Synergy,FICI,30835635,DMJNNHOOLUXYBV-PQTSNVLCSA-N,SNBUBQHDYVFSQF-HIFRSBDPSA-N,nan,"('DMJNNHOOLUXYBV-PQTSNVLCSA-N', 'SNBUBQHDYVFSQF-HIFRSBDPSA-N')"
meropenem,cefmetazole,escherichia coli tum15665,0.38,Synergy,FICI,30835635,DMJNNHOOLUXYBV-PQTSNVLCSA-N,SNBUBQHDYVFSQF-HIFRSBDPSA-N,nan,"('DMJNNHOOLUXYBV-PQTSNVLCSA-N', 'SNBUBQHDYVFSQF-HIFRSBDPSA-N')"
meropenem,cefmetazole,escherichia coli tum15671,0.53,Additivity,FICI,30835635,DMJNNHOOLUXYBV-PQTSNVLCSA-N,SNBUBQHDYVFSQF-HIFRSBDPSA-N,nan,"('DMJNNHOOLUXYBV-PQTSNVLCSA-N', 'SNBUBQHDYVFSQF-HIFRSBDPSA-N')"
meropenem,rifampicin,flavobacterium meningosepticum,1,Indifferent,FICI,9597247,DMJNNHOOLUXYBV-PQTSNVLCSA-N,JQXXHWHPUNPDRT-WLSIYKJHSA-N,nan,"('DMJNNHOOLUXYBV-PQTSNVLCSA-N', 'JQXXHWHPUNPDRT-WLSIYKJHSA-N')"
meropenem,vancomycin,flavobacterium meningosepticum,3,Antagonism,FICI,9597247,DMJNNHOOLUXYBV-PQTSNVLCSA-N,MYPYJXKWCTUITO-LYRMYLQWSA-N,nan,"('DMJNNHOOLUXYBV-PQTSNVLCSA-N', 'MYPYJXKWCTUITO-LYRMYLQWSA-N')"
meropenem,cefmetazole,klebsiella aerogenes tum15663,0.38,Synergy,FICI,30835635,DMJNNHOOLUXYBV-PQTSNVLCSA-N,SNBUBQHDYVFSQF-HIFRSBDPSA-N,nan,"('DMJNNHOOLUXYBV-PQTSNVLCSA-N', 'SNBUBQHDYVFSQF-HIFRSBDPSA-N')"
meropenem,cefmetazole,klebsiella aerogenes tum15664,0.38,Synergy,FICI,30835635,DMJNNHOOLUXYBV-PQTSNVLCSA-N,SNBUBQHDYVFSQF-HIFRSBDPSA-N,nan,"('DMJNNHOOLUXYBV-PQTSNVLCSA-N', 'SNBUBQHDYVFSQF-HIFRSBDPSA-N')"
meropenem,cefmetazole,klebsiella aerogenes tum15666,0.38,Synergy,FICI,30835635,DMJNNHOOLUXYBV-PQTSNVLCSA-N,SNBUBQHDYVFSQF-HIFRSBDPSA-N,nan,"('DMJNNHOOLUXYBV-PQTSNVLCSA-N', 'SNBUBQHDYVFSQF-HIFRSBDPSA-N')"
meropenem,cefmetazole,klebsiella pneumoniae baa-1705,0.38,Synergy,FICI,30835635,DMJNNHOOLUXYBV-PQTSNVLCSA-N,SNBUBQHDYVFSQF-HIFRSBDPSA-N,nan,"('DMJNNHOOLUXYBV-PQTSNVLCSA-N', 'SNBUBQHDYVFSQF-HIFRSBDPSA-N')"
meropenem,cefmetazole,klebsiella pneumoniae tum15667,0.53,Additivity,FICI,30835635,DMJNNHOOLUXYBV-PQTSNVLCSA-N,SNBUBQHDYVFSQF-HIFRSBDPSA-N,nan,"('DMJNNHOOLUXYBV-PQTSNVLCSA-N', 'SNBUBQHDYVFSQF-HIFRSBDPSA-N')"
meropenem,cefmetazole,klebsiella pneumoniae tum15669,0.63,Additivity,FICI,30835635,DMJNNHOOLUXYBV-PQTSNVLCSA-N,SNBUBQHDYVFSQF-HIFRSBDPSA-N,nan,"('DMJNNHOOLUXYBV-PQTSNVLCSA-N', 'SNBUBQHDYVFSQF-HIFRSBDPSA-N')"
meropenem,cefmetazole,klebsiella pneumoniae tum15670,0.75,Additivity,FICI,30835635,DMJNNHOOLUXYBV-PQTSNVLCSA-N,SNBUBQHDYVFSQF-HIFRSBDPSA-N,nan,"('DMJNNHOOLUXYBV-PQTSNVLCSA-N', 'SNBUBQHDYVFSQF-HIFRSBDPSA-N')"
meropenem,tobramycin,pseudomonas aeruginosa,1,Additivity,FICI,30880231,DMJNNHOOLUXYBV-PQTSNVLCSA-N,NLVFBUXFDBBNBW-PBSUHMDJSA-N,nan,"('DMJNNHOOLUXYBV-PQTSNVLCSA-N', 'NLVFBUXFDBBNBW-PBSUHMDJSA-N')"
meropenem,chlorhexidine,acinetobacter baumannii,0.25,Synergy,FICI,33731026,DMJNNHOOLUXYBV-PQTSNVLCSA-N,GHXZTYHSJHQHIJ-UHFFFAOYSA-N,nan,"('DMJNNHOOLUXYBV-PQTSNVLCSA-N', 'GHXZTYHSJHQHIJ-UHFFFAOYSA-N')"
minocycline,chlorhexidine,acinetobacter baumannii,0.75,Additivity,FICI,33731026,WTJXVDPDEQKTCV-VQAITOIOSA-N,GHXZTYHSJHQHIJ-UHFFFAOYSA-N,nan,"('GHXZTYHSJHQHIJ-UHFFFAOYSA-N', 'WTJXVDPDEQKTCV-VQAITOIOSA-N')"
minocycline,nalidixic acid,acinetobacter baumannii atcc baa-1710,0.52,Indifferent,FICI,33972678,WTJXVDPDEQKTCV-VQAITOIOSA-N,MHWLWQUZZRMNGJ-UHFFFAOYSA-N,nan,"('MHWLWQUZZRMNGJ-UHFFFAOYSA-N', 'WTJXVDPDEQKTCV-VQAITOIOSA-N')"
minocycline,norfloxacin,acinetobacter baumannii atcc baa-1710,0.75,Indifferent,FICI,33972678,WTJXVDPDEQKTCV-VQAITOIOSA-N,OGJPXUAPXNRGGI-UHFFFAOYSA-N,nan,"('OGJPXUAPXNRGGI-UHFFFAOYSA-N', 'WTJXVDPDEQKTCV-VQAITOIOSA-N')"
minocycline,ofloxacin,acinetobacter baumannii atcc baa-1710,2,Indifferent,FICI,33972678,WTJXVDPDEQKTCV-VQAITOIOSA-N,GSDSWSVVBLHKDQ-UHFFFAOYSA-N,nan,"('GSDSWSVVBLHKDQ-UHFFFAOYSA-N', 'WTJXVDPDEQKTCV-VQAITOIOSA-N')"
moxifloxacin,telithromycin,bacillus anthracis str. sterne,1.48,Indifferent,FICI,15793105,FABPRXSRWADJSP-MEDUHNTESA-N,LJVAJPDWBABPEJ-PNUFFHFMSA-N,nan,"('FABPRXSRWADJSP-MEDUHNTESA-N', 'LJVAJPDWBABPEJ-PNUFFHFMSA-N')"
moxifloxacin,telithromycin,bacillus anthracis str. sti,0.96,Additivity,FICI,15793105,FABPRXSRWADJSP-MEDUHNTESA-N,LJVAJPDWBABPEJ-PNUFFHFMSA-N,nan,"('FABPRXSRWADJSP-MEDUHNTESA-N', 'LJVAJPDWBABPEJ-PNUFFHFMSA-N')"
nalidixic acid,polymyxin b,acinetobacter baumannii atcc baa-1710,1,Indifferent,FICI,33972678,MHWLWQUZZRMNGJ-UHFFFAOYSA-N,WQVJHHACXVLGBL-BPJDFBQWSA-N,nan,"('MHWLWQUZZRMNGJ-UHFFFAOYSA-N', 'WQVJHHACXVLGBL-BPJDFBQWSA-N')"
nalidixic acid,rifampicin,acinetobacter baumannii atcc baa-1710,1.5,Indifferent,FICI,33972678,MHWLWQUZZRMNGJ-UHFFFAOYSA-N,JQXXHWHPUNPDRT-WLSIYKJHSA-N,nan,"('JQXXHWHPUNPDRT-WLSIYKJHSA-N', 'MHWLWQUZZRMNGJ-UHFFFAOYSA-N')"
nitrofurantoin,rifampicin,escherichia coli bw25113,0.92,Antagonism,Loewe,26956793,NXFQHRVNIOXGAQ-YCRREMRBSA-N,JQXXHWHPUNPDRT-WLSIYKJHSA-N,escherichia coli,"('JQXXHWHPUNPDRT-WLSIYKJHSA-N', 'NXFQHRVNIOXGAQ-YCRREMRBSA-N')"
penicillin g,rifampicin,bacillus anthracis str. sterne,1.5,Indifferent,FICI,15793105,JGSARLDLIJGVTE-MBNYWOFBSA-N,JQXXHWHPUNPDRT-WLSIYKJHSA-N,nan,"('JGSARLDLIJGVTE-MBNYWOFBSA-N', 'JQXXHWHPUNPDRT-WLSIYKJHSA-N')"
penicillin g,vancomycin,bacillus anthracis str. sterne,1.06,Indifferent,FICI,15793105,JGSARLDLIJGVTE-MBNYWOFBSA-N,MYPYJXKWCTUITO-LYRMYLQWSA-N,nan,"('JGSARLDLIJGVTE-MBNYWOFBSA-N', 'MYPYJXKWCTUITO-LYRMYLQWSA-N')"
penicillin g,telithromycin,bacillus anthracis str. sterne,0.72,Additivity,FICI,15793105,JGSARLDLIJGVTE-MBNYWOFBSA-N,LJVAJPDWBABPEJ-PNUFFHFMSA-N,nan,"('JGSARLDLIJGVTE-MBNYWOFBSA-N', 'LJVAJPDWBABPEJ-PNUFFHFMSA-N')"
penicillin g,rifampicin,bacillus anthracis str. sti,9.33,Antagonism,FICI,15793105,JGSARLDLIJGVTE-MBNYWOFBSA-N,JQXXHWHPUNPDRT-WLSIYKJHSA-N,nan,"('JGSARLDLIJGVTE-MBNYWOFBSA-N', 'JQXXHWHPUNPDRT-WLSIYKJHSA-N')"
penicillin g,vancomycin,bacillus anthracis str. sti,34,Antagonism,FICI,15793105,JGSARLDLIJGVTE-MBNYWOFBSA-N,MYPYJXKWCTUITO-LYRMYLQWSA-N,nan,"('JGSARLDLIJGVTE-MBNYWOFBSA-N', 'MYPYJXKWCTUITO-LYRMYLQWSA-N')"
penicillin g,telithromycin,bacillus anthracis str. sti,5,Antagonism,FICI,15793105,JGSARLDLIJGVTE-MBNYWOFBSA-N,LJVAJPDWBABPEJ-PNUFFHFMSA-N,nan,"('JGSARLDLIJGVTE-MBNYWOFBSA-N', 'LJVAJPDWBABPEJ-PNUFFHFMSA-N')"
rifabutin,lmipenem,mycobacterium abscessus,0.38,Synergy,FICI,29866869,ATEBXHFBFRCZMA-VXTBVIBXSA-N,ZSKVGTPCRGIANV-ZXFLCMHBSA-N,nan,"('ATEBXHFBFRCZMA-VXTBVIBXSA-N', 'ZSKVGTPCRGIANV-ZXFLCMHBSA-N')"
rifabutin,streptomycin,haemophilus ducreyi 35000,0.92,Additivity,FICI,16046468,ATEBXHFBFRCZMA-VXTBVIBXSA-N,UCSJYZPVAKXKNQ-HZYVHMACSA-N,nan,"('ATEBXHFBFRCZMA-VXTBVIBXSA-N', 'UCSJYZPVAKXKNQ-HZYVHMACSA-N')"
rifabutin,streptomycin,haemophilus ducreyi ro34,0.92,Additivity,FICI,16046468,ATEBXHFBFRCZMA-VXTBVIBXSA-N,UCSJYZPVAKXKNQ-HZYVHMACSA-N,nan,"('ATEBXHFBFRCZMA-VXTBVIBXSA-N', 'UCSJYZPVAKXKNQ-HZYVHMACSA-N')"
rifabutin,streptomycin,haemophilus ducreyi ro40,0.67,Additivity,FICI,16046468,ATEBXHFBFRCZMA-VXTBVIBXSA-N,UCSJYZPVAKXKNQ-HZYVHMACSA-N,nan,"('ATEBXHFBFRCZMA-VXTBVIBXSA-N', 'UCSJYZPVAKXKNQ-HZYVHMACSA-N')"
streptomycin,sanguinarine,acinetobacter baumannii atcc baa747,1,Additivity,FICI,25495516,UCSJYZPVAKXKNQ-HZYVHMACSA-N,INVGWHRKADIJHF-UHFFFAOYSA-N,nan,"('INVGWHRKADIJHF-UHFFFAOYSA-N', 'UCSJYZPVAKXKNQ-HZYVHMACSA-N')"
streptomycin,sanguinarine,acinetobacter baumannii ml301347/117,1,Additivity,FICI,25495516,UCSJYZPVAKXKNQ-HZYVHMACSA-N,INVGWHRKADIJHF-UHFFFAOYSA-N,nan,"('INVGWHRKADIJHF-UHFFFAOYSA-N', 'UCSJYZPVAKXKNQ-HZYVHMACSA-N')"
streptomycin,sanguinarine,escherichia coli atcc25922,0.38,Synergy,FICI,25495516,UCSJYZPVAKXKNQ-HZYVHMACSA-N,INVGWHRKADIJHF-UHFFFAOYSA-N,nan,"('INVGWHRKADIJHF-UHFFFAOYSA-N', 'UCSJYZPVAKXKNQ-HZYVHMACSA-N')"
streptomycin,sanguinarine,escherichia coli o157:h7 atcc35150,0.38,Synergy,FICI,25495516,UCSJYZPVAKXKNQ-HZYVHMACSA-N,INVGWHRKADIJHF-UHFFFAOYSA-N,nan,"('INVGWHRKADIJHF-UHFFFAOYSA-N', 'UCSJYZPVAKXKNQ-HZYVHMACSA-N')"
streptomycin,sanguinarine,escherichia coli ul300237,0.75,Additivity,FICI,25495516,UCSJYZPVAKXKNQ-HZYVHMACSA-N,INVGWHRKADIJHF-UHFFFAOYSA-N,nan,"('INVGWHRKADIJHF-UHFFFAOYSA-N', 'UCSJYZPVAKXKNQ-HZYVHMACSA-N')"
streptomycin,sanguinarine,klebsiella pneumoniae bl300279,0.75,Additivity,FICI,25495516,UCSJYZPVAKXKNQ-HZYVHMACSA-N,INVGWHRKADIJHF-UHFFFAOYSA-N,nan,"('INVGWHRKADIJHF-UHFFFAOYSA-N', 'UCSJYZPVAKXKNQ-HZYVHMACSA-N')"
streptomycin,sanguinarine,klebsiella pneumoniae ml300339,0.75,Additivity,FICI,25495516,UCSJYZPVAKXKNQ-HZYVHMACSA-N,INVGWHRKADIJHF-UHFFFAOYSA-N,nan,"('INVGWHRKADIJHF-UHFFFAOYSA-N', 'UCSJYZPVAKXKNQ-HZYVHMACSA-N')"
streptomycin,sanguinarine,pseudomonas aeruginosa al213370,1,Additivity,FICI,25495516,UCSJYZPVAKXKNQ-HZYVHMACSA-N,INVGWHRKADIJHF-UHFFFAOYSA-N,nan,"('INVGWHRKADIJHF-UHFFFAOYSA-N', 'UCSJYZPVAKXKNQ-HZYVHMACSA-N')"
telithromycin,amoxycillin,bacillus anthracis str. sterne,0.48,Synergy,FICI,15793105,LJVAJPDWBABPEJ-PNUFFHFMSA-N,LSQZJLSUYDQPKJ-NJBDSQKTSA-N,nan,"('LJVAJPDWBABPEJ-PNUFFHFMSA-N', 'LSQZJLSUYDQPKJ-NJBDSQKTSA-N')"
telithromycin,amoxycillin,bacillus anthracis str. sti,0.75,Additivity,FICI,15793105,LJVAJPDWBABPEJ-PNUFFHFMSA-N,LSQZJLSUYDQPKJ-NJBDSQKTSA-N,nan,"('LJVAJPDWBABPEJ-PNUFFHFMSA-N', 'LSQZJLSUYDQPKJ-NJBDSQKTSA-N')"
telithromycin,rifampicin,bacillus anthracis str. sterne,0.75,Additivity,FICI,15793105,LJVAJPDWBABPEJ-PNUFFHFMSA-N,JQXXHWHPUNPDRT-WLSIYKJHSA-N,nan,"('JQXXHWHPUNPDRT-WLSIYKJHSA-N', 'LJVAJPDWBABPEJ-PNUFFHFMSA-N')"
telithromycin,rifampicin,bacillus anthracis str. sti,0.72,Additivity,FICI,15793105,LJVAJPDWBABPEJ-PNUFFHFMSA-N,JQXXHWHPUNPDRT-WLSIYKJHSA-N,nan,"('JQXXHWHPUNPDRT-WLSIYKJHSA-N', 'LJVAJPDWBABPEJ-PNUFFHFMSA-N')"
trimethoprim,rifampicin,escherichia coli bw25113,-0.97,Synergy,Loewe,26956793,IEDVJHCEMCRBQM-UHFFFAOYSA-N,JQXXHWHPUNPDRT-WLSIYKJHSA-N,escherichia coli,"('IEDVJHCEMCRBQM-UHFFFAOYSA-N', 'JQXXHWHPUNPDRT-WLSIYKJHSA-N')"
vancomycin,rifampicin,enterococcus faecalis atcc29212,0.62,Additivity,FICI,28235571,MYPYJXKWCTUITO-LYRMYLQWSA-N,JQXXHWHPUNPDRT-WLSIYKJHSA-N,nan,"('JQXXHWHPUNPDRT-WLSIYKJHSA-N', 'MYPYJXKWCTUITO-LYRMYLQWSA-N')"
vancomycin,rifampicin,enterococcus faecalis atcc51299,0.37,Synergy,FICI,28235571,MYPYJXKWCTUITO-LYRMYLQWSA-N,JQXXHWHPUNPDRT-WLSIYKJHSA-N,nan,"('JQXXHWHPUNPDRT-WLSIYKJHSA-N', 'MYPYJXKWCTUITO-LYRMYLQWSA-N')"
vancomycin,rifampicin,enterococcus faecalis atcc51559,0.75,Additivity,FICI,28235571,MYPYJXKWCTUITO-LYRMYLQWSA-N,JQXXHWHPUNPDRT-WLSIYKJHSA-N,nan,"('JQXXHWHPUNPDRT-WLSIYKJHSA-N', 'MYPYJXKWCTUITO-LYRMYLQWSA-N')"
vancomycin,rifampicin,enterococcus faecalis e019,1,Additivity,FICI,28235571,MYPYJXKWCTUITO-LYRMYLQWSA-N,JQXXHWHPUNPDRT-WLSIYKJHSA-N,nan,"('JQXXHWHPUNPDRT-WLSIYKJHSA-N', 'MYPYJXKWCTUITO-LYRMYLQWSA-N')"
vancomycin,rifampicin,enterococcus faecalis e039,0.37,Additivity,FICI,28235571,MYPYJXKWCTUITO-LYRMYLQWSA-N,JQXXHWHPUNPDRT-WLSIYKJHSA-N,nan,"('JQXXHWHPUNPDRT-WLSIYKJHSA-N', 'MYPYJXKWCTUITO-LYRMYLQWSA-N')"
vancomycin,rifampicin,enterococcus faecalis e045,0.75,Additivity,FICI,28235571,MYPYJXKWCTUITO-LYRMYLQWSA-N,JQXXHWHPUNPDRT-WLSIYKJHSA-N,nan,"('JQXXHWHPUNPDRT-WLSIYKJHSA-N', 'MYPYJXKWCTUITO-LYRMYLQWSA-N')"
vancomycin,rifampicin,enterococcus faecalis uw6940,1,Additivity,FICI,28235571,MYPYJXKWCTUITO-LYRMYLQWSA-N,JQXXHWHPUNPDRT-WLSIYKJHSA-N,nan,"('JQXXHWHPUNPDRT-WLSIYKJHSA-N', 'MYPYJXKWCTUITO-LYRMYLQWSA-N')"
vancomycin,rifampicin,flavobacterium meningosepticum,0.39,Synergy,FICI,9597247,MYPYJXKWCTUITO-LYRMYLQWSA-N,JQXXHWHPUNPDRT-WLSIYKJHSA-N,nan,"('JQXXHWHPUNPDRT-WLSIYKJHSA-N', 'MYPYJXKWCTUITO-LYRMYLQWSA-N')"
vancomycin,rifampicin,escherichia coli bw25113,-0.02,Additivity,Loewe,26956793,MYPYJXKWCTUITO-LYRMYLQWSA-N,JQXXHWHPUNPDRT-WLSIYKJHSA-N,escherichia coli,"('JQXXHWHPUNPDRT-WLSIYKJHSA-N', 'MYPYJXKWCTUITO-LYRMYLQWSA-N')"
chlorhexidine,lmipenem,acinetobacter baumannii,0.63,Additivity,FICI,33731026,GHXZTYHSJHQHIJ-UHFFFAOYSA-N,ZSKVGTPCRGIANV-ZXFLCMHBSA-N,nan,"('GHXZTYHSJHQHIJ-UHFFFAOYSA-N', 'ZSKVGTPCRGIANV-ZXFLCMHBSA-N')"
