feature,importance_gain_mean,importance_gain_std
cos_elem_2219,479.68925181031227,87.06535213532077
cos_elem_2434,366.43130244016646,54.82853585368074
euc_elem_1314,341.4876221269369,146.10159602818723
euc_elem_1398,301.98441209197046,166.90094107729652
cos_elem_430,284.6930599987507,126.95852774642742
euc_elem_430,249.7684938967228,126.82355687938372
cos_elem_738,239.8116780936718,122.91101694463514
euc_elem_1926,236.4722128391266,82.48755258017896
euc_elem_635,234.03055858016015,35.18932689334529
euc_elem_2219,223.4784151494503,93.45795853734175
euc_elem_2226,215.26174143254758,132.1775376365906
cos_elem_2602,214.9266438603401,133.10972370526605
cos_elem_2226,213.28674453496933,125.87974488024233
cos_elem_1856,197.78610393702985,207.89572423705079
euc_elem_1633,196.4656597137451,72.34728820957858
euc_elem_963,179.11910371184348,150.14067940052885
euc_elem_2771,175.10161848068236,156.21964542238993
cos_elem_1398,171.55136935710908,115.13511464433897
cos_elem_1926,169.4751623392105,105.20324088655521
euc_elem_2602,163.7755742609501,92.73048411269905
euc_elem_2258,162.6265115082264,121.13915676673929
euc_elem_1390,162.24646024107932,82.008992512548
euc_elem_1401,157.4859210923314,105.92757653784345
cos_elem_1390,153.78387980461122,55.39551303865865
cos_elem_1124,153.0094070672989,101.97973398420892
cos_elem_814,150.5008746445179,130.3198616768001
euc_elem_2717,146.44059972018005,64.95174700328269
euc_elem_1284,144.9567291378975,108.81575125314637
euc_elem_1289,144.8673689484596,61.545525585814886
cos_elem_3190,144.60289896726607,68.12217586922375
cos_elem_434,144.56256670355796,80.47201994026626
cos_elem_2409,142.28913864195346,51.2189266475116
cos_elem_654,139.93192106485367,38.846637406858385
euc_elem_2292,138.24923245310782,62.03507602752756
euc_elem_3141,138.2224451839924,70.7824713052727
euc_elem_2434,137.26905898153782,51.97161220691211
cos_elem_444,137.21168000996113,25.286819656476194
cos_elem_2930,136.49118387252093,82.02323375658044
euc_elem_2461,136.03031898885965,39.983673264267516
euc_elem_3172,135.5882921397686,64.27174114437966
cos_elem_1284,134.24879458546638,86.36029401090026
cos_elem_2461,133.43748755455016,53.16588228081537
cos_elem_881,133.1382835611701,71.37642481496734
euc_elem_1340,133.10139268040658,82.78914895140969
cos_elem_1470,131.77642163038254,48.120373319538416
cos_elem_450,131.5908348441124,20.89984220293369
cos_elem_2652,129.32368972152472,59.07453220433983
cos_elem_2944,127.38787713646889,71.65412610232288
euc_elem_2409,126.35306351184845,80.49758309499198
euc_elem_1809,124.44122368097305,50.02682566684256
cos_elem_1481,124.16294929981231,86.74093122721436
cos_elem_1173,123.77050595879555,46.54285248816751
euc_elem_652,123.50124827623367,128.53516256642592
euc_elem_790,123.18497474789619,72.28854299317247
cos_elem_2366,122.4336539208889,84.4268216374937
euc_elem_476,120.55228478312492,43.99351439551176
euc_elem_2246,118.8678256392479,34.29282794059678
euc_elem_722,117.40355896949768,47.48195744211484
euc_elem_2725,116.9226111382246,52.745221918970564
cos_elem_307,116.17818904817105,28.615204516414053
cos_elem_254,116.10389342904091,30.644319157619783
cos_elem_2587,116.02888289690017,84.71909459198149
euc_elem_1470,115.66606543511152,61.79203339057671
euc_elem_1183,115.64265819489955,54.04202848842543
euc_elem_90,115.57038784623145,81.49170080718805
euc_elem_202,114.49649741649628,66.36026981198827
euc_elem_744,114.44190639257431,96.92932726304046
euc_elem_968,113.06066254377365,31.894832678095728
euc_elem_1567,112.8188991189003,62.9296430344989
cos_elem_2913,111.67969532907009,56.44845149225871
euc_elem_1265,111.51868000924587,52.970207769993586
euc_elem_602,110.95858619809151,58.460377125535274
euc_elem_436,109.55264448225498,48.34380732164509
euc_elem_1967,106.48650864064693,58.29215824328716
euc_elem_799,105.98955226540565,25.91248603612274
euc_elem_2840,105.98854650259018,70.65147033616068
cos_elem_652,105.7005373597145,43.13361345690971
euc_elem_2580,105.60782000422478,20.22821327070103
euc_elem_886,103.6647842168808,95.43577390982877
euc_elem_784,102.88495621681213,58.20891074171205
euc_elem_3044,101.77474493980408,82.34192842463486
euc_elem_2286,101.58893495202065,46.29329781343066
cos_elem_2136,101.16460715830326,75.06689699659303
cos_elem_1920,101.10287932753563,37.44196901085925
euc_elem_2930,100.39493950009346,57.27193688123183
cos_elem_1172,99.68024992793798,62.71454860403071
euc_elem_2347,97.83926641643048,48.41150109592741
euc_elem_1060,97.40050442814827,89.37329578030025
cos_elem_3172,97.22031099200248,52.42101857771113
euc_elem_1461,97.13594437837601,44.811850147141655
cos_elem_3038,96.90515252351761,34.5279126534549
cos_elem_859,96.75426943302155,77.87843433715034
euc_elem_2209,96.4096461713314,69.03623186288993
euc_elem_1833,96.16909036040306,101.85809555437929
euc_elem_294,95.82713238000869,86.68248248253629
cos_elem_3121,94.96341934800148,45.80718105338899
cos_elem_963,94.8363422036171,66.38007433096946
cos_elem_2840,94.3997909605503,78.87361392369947
cos_elem_482,92.92852155864239,91.27445288439078
euc_elem_1640,92.76285311281681,39.72764623976146
cos_elem_1183,92.67946308255196,25.51557009927603
cos_elem_356,92.22042120099067,34.09960009273548
cos_elem_2246,89.41323778629302,61.4478455503539
cos_elem_1604,88.34554911702871,38.681952072763394
euc_elem_2920,87.80506572425365,67.46319736593459
cos_elem_2725,87.77195164561272,67.13185284719982
cos_elem_400,87.73586298525333,71.8423662263964
euc_elem_2523,86.75380737185478,51.05584172433665
euc_elem_2423,85.88545962870121,8.151016527737049
cos_elem_2155,85.10838131606579,23.04773631120936
cos_elem_635,85.09634730517864,34.59262838368682
euc_elem_2366,84.78156042098999,56.84524025345282
euc_elem_2688,83.55707563757896,60.07895904708633
euc_elem_751,82.81837690323592,107.94822088191277
cos_elem_2258,82.69562881290912,70.17244894992878
euc_elem_723,82.68373635411263,42.96474178049911
cos_elem_1827,82.31458953022957,51.90679753611688
euc_elem_922,82.2365740776062,51.30377411676754
cos_elem_967,81.99814392328263,43.64073960252083
euc_elem_3031,81.9770789116621,57.0918378959789
euc_elem_94,81.82487941980362,30.38557908133111
cos_elem_2286,81.67216379642487,30.17134215006683
euc_elem_2627,81.63480116128922,57.73950186568294
cos_elem_2886,81.63389249444008,65.2808961582486
euc_elem_307,80.81629029363394,28.924658089652258
euc_elem_2736,80.4477561429143,91.22991921009988
cos_elem_2419,80.11820151805878,23.788996859946234
euc_elem_2360,79.79505738019944,30.5995193946876
euc_elem_77,79.77355361878872,43.94466013596008
euc_elem_356,79.21872409582139,8.449326408323305
cos_elem_2336,79.07411245405675,43.721362189630575
euc_elem_903,78.40660690069198,51.3901771691867
euc_elem_3195,77.54496138095855,29.805357801155946
euc_elem_1827,76.86318925768137,36.51139325818727
euc_elem_1666,76.43962969779969,77.19972270177371
euc_elem_3327,76.38794335722923,44.21897178420585
cos_elem_2717,76.08195535838604,20.309309215303834
cos_elem_3294,76.07134149074554,48.07392503112461
cos_elem_1816,75.74876644015312,65.29784441400741
cos_elem_790,75.57217013835907,30.5537875873238
cos_elem_1896,74.66974321156741,44.71623213753804
cos_elem_2274,74.07357401251792,45.013590354269944
cos_elem_3186,73.57819098830223,39.59806242991233
euc_elem_2790,73.43432018458843,36.489905955701765
euc_elem_439,73.1589961156249,53.47446054522872
euc_elem_3121,73.06614110469818,30.10142032029861
euc_elem_444,72.97797428965569,38.87229762753332
euc_elem_2880,72.3768514752388,40.933428842604485
euc_elem_154,72.26391909718514,52.32072794706237
euc_elem_2181,72.08820081651211,45.26457092351224
euc_elem_3001,71.73343568444253,22.497972949534578
cos_elem_2019,71.67289228737354,52.44006477423665
euc_elem_2199,71.48622296452523,41.26119065135078
cos_elem_1882,71.39836857914925,69.45880680871569
euc_elem_2983,71.11673918366432,44.92186217438332
euc_elem_1120,71.06497959494591,65.1671836162613
euc_elem_2889,70.68635042905808,29.99838451151042
euc_elem_2860,70.64742535948753,48.369814453435225
cos_elem_1387,69.9873103812337,42.149039490595534
euc_elem_1920,69.97791882455348,31.237133680698257
euc_elem_2353,69.60839402973652,12.675642711647152
euc_elem_698,69.45303350687027,50.390043760359205
cos_elem_55,69.40457577109336,69.84528815453497
euc_elem_1488,69.27382788360119,51.164630553365335
euc_elem_19,69.26780070066452,23.688022613366144
cos_elem_1550,69.23134762048721,46.87291140593986
euc_elem_2229,69.13128830194474,53.893797091247414
cos_elem_1912,68.86635076999664,43.09066843754741
cos_elem_1273,68.51290266066789,45.24409837502389
cos_elem_1544,68.24240209758281,46.58300536427058
euc_elem_654,67.92535623013973,32.39300535758443
cos_elem_917,67.30365372598172,32.07724973881022
euc_elem_2869,67.2988141745329,21.128658923548922
cos_elem_783,67.18061023950577,21.937374450557655
euc_elem_254,67.09234046339989,31.545453414576162
euc_elem_812,67.02396958768368,21.42326168809367
euc_elem_2923,66.87498328238726,27.283887461663422
cos_elem_3302,66.84578201174736,40.991323168773455
cos_elem_3193,66.06417373418807,37.46207045425185
euc_elem_1202,65.94483046531677,46.101007326031564
cos_elem_2047,65.34380097687244,30.965264759984123
euc_elem_2375,65.12876717448235,32.746506427023746
cos_elem_3044,64.91720526814461,59.00068141543174
cos_elem_371,64.64542974382638,18.50409430229433
cos_elem_784,64.32659291923046,42.71127350553805
euc_elem_2133,64.16445538401604,38.39223713148319
euc_elem_1560,63.91444294452667,27.64713534908929
euc_elem_1372,63.84269838929176,55.87223093820316
cos_elem_3300,63.80929048657417,25.380121192765333
cos_elem_2181,63.737502524256705,28.292827684689684
cos_elem_722,63.68451406061649,26.14368421827877
euc_elem_3190,63.654693669080736,31.17383323718481
cos_elem_653,63.40968008637428,22.12590049863099
euc_elem_51,63.31718630790711,30.024082847486135
euc_elem_2473,63.20495894551277,22.678812906306586
cos_elem_2355,62.73539724498987,52.20936773077769
euc_elem_2155,62.45493667721748,37.278388366221115
euc_elem_2301,62.358987908065316,36.294203457953
euc_elem_982,62.27985683381557,28.027653776476356
cos_elem_1685,62.17428464889527,57.712836165778576
cos_elem_698,61.99283455610275,20.935783701719078
euc_elem_2436,61.855510181188585,43.89997310730307
euc_elem_1632,61.78731222450733,41.578210397279484
cos_elem_2375,61.77800517380238,68.41863945038672
cos_elem_789,61.5064355969429,40.00009538696692
euc_elem_2944,61.40508092641831,64.38183712844004
cos_elem_2292,61.211847035586835,44.28940722086764
euc_elem_313,61.02737609148026,38.624418839903846
cos_elem_1340,60.751387318968774,46.8538984081057
euc_elem_1554,60.657207685709,23.544705529742444
euc_elem_3217,60.38921182155609,33.70167332398265
euc_elem_534,60.22829174399376,34.02817690986855
cos_elem_2819,60.14115363359451,44.02894027833105
euc_elem_2419,60.11302665919065,18.698381408559214
cos_elem_2301,59.910762768983844,42.47703503484681
euc_elem_2577,59.67212792634964,25.602391010785293
cos_elem_2688,59.606191927194594,57.562940121570485
cos_elem_2627,59.50447135269642,21.74299991959518
cos_elem_2790,59.46577948331833,36.48927521260384
euc_elem_2463,59.3869064450264,22.10297176046735
euc_elem_731,59.27068162560463,39.19308784098376
euc_elem_2794,59.03761535137892,51.692657837947685
euc_elem_917,58.53202051818371,29.066453771654995
euc_elem_2489,58.50678978413343,28.467199815562708
cos_elem_1372,58.239883956313136,27.29281651678673
cos_elem_1582,58.181314933300015,31.627011245897393
euc_elem_2693,58.1619072675705,20.855681196281754
euc_elem_2587,58.13299125134945,52.890213354291745
cos_elem_2489,58.060192567110064,19.193128699707934
cos_elem_1226,57.93765597939491,43.33119640035546
euc_elem_1173,57.82942789196968,27.934834427284255
euc_elem_1152,57.82379040122032,42.93861246628006
euc_elem_3014,57.440850055217744,30.48762912319997
euc_elem_1316,57.37178241610527,22.25310594016557
cos_elem_669,57.270369845628736,24.702563204264138
cos_elem_1525,57.08325711786747,41.85692477479306
cos_elem_144,57.00378366708755,28.743909253028583
euc_elem_998,56.935419178009035,53.80797840907897
euc_elem_3242,56.663457782566546,22.64586812537595
euc_elem_1547,56.48930969536305,32.88084549814415
cos_elem_1880,56.354990458488466,23.853479293007496
euc_elem_144,56.349935720860955,33.21402923425463
euc_elem_789,56.21597211360931,33.142656261551366
cos_elem_2882,55.972434031963346,28.550526534558045
cos_elem_2931,55.833453273773195,31.428131716259422
euc_elem_715,55.820468759536745,23.18540863939554
euc_elem_2287,55.5693354010582,46.20468460770868
euc_elem_1296,55.39628254175186,37.57964470817687
cos_elem_834,55.23399467468262,41.29383723543985
cos_elem_202,55.21774627566337,37.581961166202774
euc_elem_1031,55.19783709049225,23.422273461062485
euc_elem_1752,55.13407728075981,54.05042458717848
cos_elem_1064,55.07375760674476,50.22311283155101
euc_elem_2093,54.922329264879224,59.33133878579638
euc_elem_2158,54.80645616203547,19.954743705246266
euc_elem_1732,54.33150769174099,42.649642008419846
euc_elem_140,54.30132709145546,21.78385800061936
euc_elem_493,53.92784820497036,18.778911142066956
cos_elem_1321,53.601371586322784,21.586597002383375
cos_elem_2010,53.564384889602664,30.957265629967914
cos_elem_2278,53.53722752332688,21.236790185049323
euc_elem_2743,53.52130976319313,53.348653768640396
cos_elem_2892,53.451453083753584,31.44696625092842
euc_elem_3300,53.353580912947656,42.852503822312926
euc_elem_204,53.040090256929396,44.48003200131748
cos_elem_175,52.998068577051164,25.540880565757686
cos_elem_1996,52.75100873708725,33.67503506902643
euc_elem_3016,52.67232133448124,17.470637300780634
euc_elem_809,52.6336583584547,15.268144442353648
euc_elem_133,52.54155911803245,21.758293989498554
euc_elem_3097,52.23375688195229,32.87392681047712
euc_elem_967,52.21643244028091,41.65209258916591
cos_elem_2473,52.18024694919586,29.641645997205952
euc_elem_2957,52.12343775629997,41.78720822017297
euc_elem_3157,52.115482318401334,18.481926878967336
cos_elem_3303,51.98496854901314,65.36566349118469
cos_elem_1031,51.95596356987953,17.0049241586675
euc_elem_269,51.94731102585793,42.45325890741871
cos_elem_3016,51.89978223145008,41.666154367814116
euc_elem_1495,51.87551600337029,15.234375266819496
euc_elem_401,51.72831749916077,22.999420052599344
cos_elem_1565,51.62839692234993,32.7028941285388
cos_elem_780,51.56256418228149,36.00043674477179
cos_elem_1809,51.49278021603823,14.312908428497733
cos_elem_2402,51.42882597446442,39.613473710891505
euc_elem_2637,50.89734838604927,26.821404859354057
euc_elem_1900,50.86619628667832,7.607810090890186
euc_elem_1671,50.66757824420929,13.578029541813686
cos_elem_1943,50.52355905175209,13.79601428573192
cos_elem_2869,50.45703988671303,22.7181426999901
euc_elem_1585,50.41273470520973,32.377849977998665
euc_elem_1531,50.404807567596436,30.288077978339995
euc_elem_2437,50.379882144927976,27.35987073656667
euc_elem_2913,50.28251278400421,21.772037564897474
euc_elem_2902,50.233117669820786,41.953912899609584
cos_elem_1640,50.20188524723053,26.542013933691393
euc_elem_392,50.12973358631134,45.60011781288517
euc_elem_2081,50.09395241737366,32.82558289982378
euc_elem_2652,50.04126659631729,25.29994213663339
euc_elem_577,49.960565510392186,22.503701711801284
cos_elem_42,49.96048457026482,25.49464972425035
euc_elem_2543,49.704009079933165,29.003158146711023
euc_elem_1550,49.66989554166794,26.04013832651116
cos_elem_731,49.600682964921,33.305699523049924
cos_elem_3014,49.54020962715149,19.137427252685853
cos_elem_2133,49.466642913222316,38.0680177740219
euc_elem_655,49.348495569825175,28.004675524845204
cos_elem_796,49.30568905174732,9.820481122129447
euc_elem_1830,49.117255514860155,25.77417044043539
cos_elem_2799,49.093608546257016,23.441699179145544
cos_elem_1900,49.069141620397566,37.037997422527916
cos_elem_1719,48.966651293635366,32.506863473104424
euc_elem_2310,48.84628036767244,22.162370966274985
cos_elem_2634,48.820171320438384,43.888174885283064
euc_elem_1801,48.8080198764801,20.676684075051007
euc_elem_3147,48.79123719334602,19.218738958282444
cos_elem_1633,48.68539345264435,27.398996429119336
cos_elem_1043,48.31228298544884,33.5566127097041
cos_elem_1555,48.06706857085228,45.56992717249229
euc_elem_2538,48.044588160514834,29.573970619761177
euc_elem_1754,47.88894808590412,29.677825842934023
cos_elem_1554,47.829331290721896,17.341668751630458
cos_elem_2843,47.796457999944685,36.214064356026114
cos_elem_302,47.77499659061432,32.379130594648764
cos_elem_892,47.75436099916696,14.463601544813804
cos_elem_1583,47.65484814941883,21.358756166702353
cos_elem_1693,47.65241309851408,47.13078808268034
cos_elem_581,47.61593055129051,24.288285027444804
euc_elem_2487,47.559194719791414,14.810207433614769
euc_elem_1822,47.15692878067493,31.210627131504314
euc_elem_881,47.05042157173157,53.896228300998004
cos_elem_507,47.013502311706546,18.77371417562236
euc_elem_2313,46.96288838982582,28.379245117467164
euc_elem_845,46.90806020498276,27.33294425726462
euc_elem_383,46.81317902803421,26.357839001196815
cos_elem_2903,46.64450867772102,19.898545341081917
euc_elem_2010,46.64074542075396,17.432476549870685
euc_elem_3137,46.4579509973526,31.443125193143718
euc_elem_2019,46.158660638332364,17.0891320154195
cos_elem_2676,46.145923846960066,10.98760059102619
cos_elem_2580,46.063001996278764,35.2596400342396
cos_elem_1679,45.953298807144165,11.117578421737075
euc_elem_1481,45.92527078390121,23.852280764007624
euc_elem_702,45.81745675802231,38.43408107990383
euc_elem_1269,45.61542164087295,13.511094206935768
euc_elem_1975,45.61503621339798,30.94896042478238
cos_elem_2875,45.52327678203583,26.355696643671557
cos_elem_705,45.39037053585052,31.593776533553136
euc_elem_1216,45.34456020444632,64.09141273095364
cos_elem_1732,45.061729717254636,47.51115675948217
euc_elem_2569,44.968575197458264,37.51935002441814
cos_elem_1202,44.91305122971535,33.77599562690211
euc_elem_675,44.85935636758804,44.05514360098578
euc_elem_1996,44.70176732689142,30.84330860944445
euc_elem_2274,44.69211099147797,35.64110671790585
euc_elem_2575,44.684574496746066,35.45557682421692
euc_elem_1802,44.59922997057438,21.416512887270297
cos_elem_1624,44.5701080262661,18.074214787192957
cos_elem_998,44.55461536645889,13.500092001096254
euc_elem_1458,44.444156885147095,35.50624498608754
euc_elem_394,44.17661112844944,24.36908442952245
euc_elem_3320,44.11715049147606,15.348478789861625
cos_elem_2287,44.112967300415036,23.481324289671957
euc_elem_2844,43.99375769793987,57.876472117450525
euc_elem_2746,43.952090847492215,16.36896123858606
euc_elem_2450,43.85373156070709,27.0521787802146
cos_elem_945,43.77586278617382,37.96622525737993
cos_elem_1863,43.64902492016554,25.399581823346537
euc_elem_2368,43.622371083498,12.503575664758033
cos_elem_294,43.499586367607115,24.761026380604353
euc_elem_883,43.449662733078,32.86717490185718
cos_elem_3107,43.420532098412515,48.084119534311846
euc_elem_1727,43.411458027362826,17.89722205815934
euc_elem_1570,43.27724956870079,15.638470323598552
euc_elem_2594,43.07445830702782,30.75804773758533
euc_elem_507,43.052949064970015,21.410197583644482
cos_elem_2311,43.04008638858795,31.12013310125672
euc_elem_1582,42.58176651597023,12.858509238819796
euc_elem_3305,42.55744666457176,25.71811394655142
euc_elem_434,42.543089526891706,25.316176183921574
cos_elem_3245,42.533307150006294,19.90128997179725
euc_elem_1174,42.50130634307861,28.102902776715773
euc_elem_127,42.39550899863243,23.255707932287397
cos_elem_1461,42.38745338320732,14.834405805870075
cos_elem_2183,42.33659090399742,19.736369322674463
euc_elem_2882,42.32894239425659,23.61327868304752
euc_elem_3000,42.273431313037875,5.483025091971579
euc_elem_2282,42.11915634274483,26.96427291978323
cos_elem_2511,42.11807191371918,35.99336636347262
euc_elem_2496,42.02776384353638,27.729607829882003
euc_elem_1395,41.97467213273048,21.459411507240663
euc_elem_3115,41.88901913166046,27.48135769886005
cos_elem_2209,41.741080144047736,25.696638230388558
cos_elem_2957,41.72201828658581,31.424849165931832
euc_elem_1912,41.66357371211052,9.96538852354174
euc_elem_1475,41.410325318574905,13.439468617105211
cos_elem_2069,41.048645281791686,30.8627580151616
cos_elem_2469,40.9907792031765,18.554229542592257
euc_elem_783,40.864216533303264,31.898992613752217
euc_elem_109,40.73352202773094,30.054746459809497
cos_elem_2794,40.638029812276365,7.733362663582139
cos_elem_204,40.54392674565315,22.247368325099316
euc_elem_2395,40.52686076164245,19.917532228455826
euc_elem_179,40.49083198010921,34.24384986602324
cos_elem_2866,40.47287210971117,31.33839943151811
cos_elem_775,40.47266638278961,39.2057071838164
euc_elem_988,40.30092396140098,33.93952510761095
euc_elem_2665,40.263625317811965,27.24126286976344
cos_elem_903,40.2185233682394,26.318160197085017
euc_elem_2069,40.0055000603199,12.50549179821396
cos_elem_1831,39.94268670678139,12.037602570060859
cos_elem_1274,39.93018571734429,13.706065777683573
cos_elem_1585,39.854406306147574,22.20198068356579
cos_elem_2731,39.630000525712965,17.680200389969446
cos_elem_1596,39.58419969975948,20.559064183096133
cos_elem_744,39.534668600559236,37.372697638963125
euc_elem_1659,39.474899804592134,19.143130621478974
cos_elem_1158,39.23847317099571,29.599965611450827
cos_elem_602,39.180925405025484,15.602624819733004
cos_elem_2157,38.991538256406784,29.892496813930094
euc_elem_382,38.865228378772734,7.115749884256544
cos_elem_285,38.86402639746666,29.66260571861874
cos_elem_757,38.750758895277976,25.97423822223598
cos_elem_968,38.69021216034889,16.42802553460123
euc_elem_2457,38.464828085899356,28.677073073919164
euc_elem_607,38.42248446941376,19.086156731800923
euc_elem_2843,37.947678071260455,20.251317559689664
cos_elem_2340,37.913686311244966,18.12246702595072
cos_elem_715,37.88981241881847,22.46316197814324
euc_elem_1035,37.810877591371536,17.65478023374124
euc_elem_271,37.78727552294731,20.29850885966683
euc_elem_1595,37.71970556080341,26.483429886970455
euc_elem_1423,37.714292311668395,24.003996388508195
euc_elem_1631,37.69687348604202,23.137044020088204
cos_elem_2743,37.652593926340344,41.01995667430671
cos_elem_812,37.559515681862834,9.848482690215636
cos_elem_2538,37.36164432913065,23.498783576885756
cos_elem_1472,37.35045770406723,17.076989251055643
cos_elem_445,37.33879164755344,18.019761740582297
cos_elem_791,37.304357543587685,22.44406394970773
euc_elem_2940,37.29470479488373,28.27264900642307
cos_elem_1458,37.29227523505688,19.520522893371044
euc_elem_1997,37.27014682888985,27.421628132624118
euc_elem_2279,37.21836575269699,19.269013376461185
cos_elem_2838,37.16837332248688,21.681312169509848
cos_elem_1547,37.15909983515739,23.880088873375502
cos_elem_2080,37.15214418172836,8.60211439408888
euc_elem_618,37.098147702217105,22.040533763628343
euc_elem_1511,37.021936351060866,18.541828915563364
euc_elem_2225,37.009029710292815,23.154846850997995
cos_elem_2741,36.98960149884224,23.55044227347262
cos_elem_2521,36.95596290230751,33.88273152117793
euc_elem_2795,36.94659640789032,13.552718408401049
euc_elem_2474,36.937931752204896,24.53807236470902
euc_elem_3088,36.829347878694534,29.13595090793234
euc_elem_576,36.82194538712501,16.92808087082424
cos_elem_2175,36.79639580845833,14.741168613472741
cos_elem_1035,36.76376501321793,29.214596569883714
cos_elem_423,36.761746203899385,19.764802493573708
euc_elem_2714,36.7576829791069,23.53657123337537
cos_elem_980,36.74621631503105,17.216835818008093
cos_elem_1776,36.74603661298752,22.96903484704376
euc_elem_2866,36.71056035757065,22.700686435984267
euc_elem_194,36.69154152274132,18.10957943812757
euc_elem_653,36.66985486149788,17.027907651728167
cos_elem_19,36.63889482617378,11.80353993860289
euc_elem_2228,36.610340896248815,12.937800602001415
euc_elem_2324,36.56521845459938,25.110321474088103
cos_elem_2889,36.498728555440906,14.68946144447049
cos_elem_193,36.47203471064567,38.00722190236683
euc_elem_21,36.47003270983696,26.369552099635126
cos_elem_3000,36.442619033157825,30.822721222570785
cos_elem_2609,36.329366417974235,15.723366842465857
cos_elem_3201,36.28950915336609,21.097296683685173
euc_elem_1894,36.25682479143143,14.297143063909433
euc_elem_686,36.25013636946678,21.605295225629018
euc_elem_624,36.2416244328022,12.36938447393759
cos_elem_2880,36.230076944828035,18.416844332085486
cos_elem_2450,36.19832478165627,29.24176979433953
cos_elem_2612,36.01292617321015,22.46806321357236
euc_elem_2935,35.99746348261833,21.63009144752441
euc_elem_897,35.99041568562389,24.78162583893577
euc_elem_2340,35.96631984114647,29.877729632133725
euc_elem_2184,35.946703591942786,7.246653924820575
cos_elem_1754,35.812812227010724,24.808447830125044
cos_elem_3141,35.71359463334083,26.343379634970482
euc_elem_2144,35.599845284223555,18.08853222085766
euc_elem_1915,35.39373570084572,36.52689049939682
cos_elem_799,35.36337511241436,20.954657342509858
euc_elem_1998,35.3538879096508,21.782436284387565
euc_elem_2084,35.303015834093095,17.92132271299208
cos_elem_1728,35.22849258184433,18.108422461078224
euc_elem_2050,35.223361772298816,16.621442886829854
cos_elem_1726,35.19560962319374,23.37414733016558
cos_elem_610,35.14127395153046,25.59082124650201
cos_elem_3238,35.03099609613419,28.92863059830176
euc_elem_2615,35.0094338953495,17.537643729007613
cos_elem_1722,34.9612371340394,9.806920780418166
euc_elem_465,34.96096837371588,15.187920671057743
cos_elem_2254,34.81606092453003,23.54761949434673
euc_elem_1693,34.80873082876205,32.264210335336536
cos_elem_702,34.76814363002777,14.779132974979493
cos_elem_1316,34.71894288063049,13.815234802117677
euc_elem_647,34.613536758720876,33.87394360851709
cos_elem_2663,34.530531191825865,10.150650419125169
euc_elem_1726,34.521688503026965,17.42361354079612
cos_elem_94,34.504620149731636,16.703341321706237
cos_elem_3243,34.4541820526123,13.843659551755673
cos_elem_3227,34.37810564041138,12.71712958145608
euc_elem_834,34.30462293624878,15.810957118520324
cos_elem_827,34.26408393681049,23.08973001746056
euc_elem_1919,34.230219876766206,31.110920359879916
cos_elem_1022,34.216835510730746,29.817333068884167
cos_elem_908,34.212211394309996,19.98193809195202
cos_elem_1096,34.09171253740787,22.628484230689253
cos_elem_857,33.96144080162048,24.361889622561048
cos_elem_1561,33.96034789085388,26.084639449323152
euc_elem_2326,33.94173223972321,14.279778460465177
euc_elem_433,33.93980919420719,22.068712109344155
cos_elem_2412,33.918897819519046,15.024843543465982
cos_elem_2215,33.895376628637315,26.6742155160795
euc_elem_742,33.88008423447609,16.986546941260254
cos_elem_2617,33.776928471773864,9.057481184739316
cos_elem_643,33.7413448035717,24.090488062280354
euc_elem_2341,33.68859980106354,27.122271211252457
euc_elem_169,33.66019620299339,25.36574975168445
euc_elem_270,33.65923027992248,9.506587775216888
cos_elem_1891,33.606201137602326,21.23723032777875
euc_elem_259,33.60562444031238,24.654754526671358
euc_elem_2173,33.57667169570923,11.972028279602537
euc_elem_1521,33.521222829818726,19.200471040774616
euc_elem_2427,33.46605944037437,28.42118110160283
euc_elem_2494,33.41875127851963,12.585661296341016
euc_elem_1679,33.33833618760109,12.683605121820573
euc_elem_1572,33.24858691394329,18.791549029750282
cos_elem_1853,33.22893293499946,22.59165016723324
cos_elem_182,33.198817050457,11.650148973995826
euc_elem_1993,33.116005742549895,12.064703987657143
euc_elem_1789,33.11134420633316,11.54202778566243
euc_elem_1853,33.09090490043163,20.85234950016285
euc_elem_3321,33.037768465280536,34.23803951072489
cos_elem_1139,32.96367311477661,19.503113022710533
cos_elem_3240,32.779103201627734,22.694695227386667
euc_elem_1841,32.73720149844885,14.390143866562653
euc_elem_359,32.694178611040115,25.04816948502732
euc_elem_645,32.662043458223344,18.972201569677015
euc_elem_2175,32.62962490320206,21.261613326064825
euc_elem_1723,32.602849489450456,18.8657545244469
euc_elem_1676,32.59357963204384,19.769214176103546
cos_elem_1686,32.580080300569534,26.474116628513386
euc_elem_908,32.42866498678923,24.029213221959882
euc_elem_1509,32.42646097540855,24.43012305372322
euc_elem_1380,32.350724935531616,27.83945602520383
cos_elem_1560,32.289159941673276,11.92377764867944
cos_elem_924,32.27479121237993,37.84497798725627
cos_elem_1473,32.223660472035405,22.674706858089895
euc_elem_2799,32.08635357618332,9.659542979747103
cos_elem_3157,32.07675537914038,18.551416475743174
euc_elem_1282,31.985141156613828,36.47501401834697
cos_elem_70,31.930863547325135,18.46219645233446
cos_elem_3199,31.870457598567008,25.19169319318781
euc_elem_994,31.693356850743292,8.393785761240908
cos_elem_1182,31.63809163570404,22.449568547346317
cos_elem_2482,31.627594071626664,20.981165093240023
euc_elem_59,31.599700754880907,22.409159970767274
cos_elem_919,31.57942685484886,23.70711881313057
euc_elem_741,31.536732870340348,8.466691920619194
euc_elem_3116,31.519911026954652,19.592986617948583
euc_elem_2612,31.499148404598238,11.350521714092178
euc_elem_2104,31.472069370746613,25.875098366531017
cos_elem_2353,31.43123276233673,10.136206034175878
cos_elem_1087,31.422097313404084,14.278428395640036
cos_elem_1088,31.322783982753755,19.17396353195956
euc_elem_1015,31.303558659553527,22.534732334253654
cos_elem_110,31.195015686750413,5.499889288143471
euc_elem_663,31.168516421318053,11.732752580243917
euc_elem_2892,31.1211197912693,16.520707325373536
cos_elem_800,31.06085240840912,11.8601854004305
cos_elem_3106,31.007720291614532,14.040426265656306
euc_elem_1565,30.99619482755661,11.263571500275818
euc_elem_2185,30.928963482379913,34.526563050533746
cos_elem_2045,30.920050179958345,20.528602074886468
euc_elem_747,30.90303939282894,20.673543587289966
cos_elem_1079,30.84275105893612,19.169304245356432
euc_elem_1883,30.84243369102478,8.330202398440212
euc_elem_3222,30.825394743680953,27.357503355720656
cos_elem_1908,30.62397876381874,19.106001731997228
euc_elem_2676,30.60659597814083,9.318480142729287
euc_elem_47,30.59915945529938,24.653722028434505
cos_elem_1015,30.55539980828762,12.463194980456352
cos_elem_741,30.501611275970937,11.691238044747816
cos_elem_476,30.434828925132752,12.928079285862022
euc_elem_794,30.41459122300148,14.829289647020339
euc_elem_2511,30.351948615908622,23.897746531604795
cos_elem_1351,30.305217942595483,23.772265154003115
euc_elem_435,30.249328503012656,17.5775077528784
cos_elem_1649,30.200661189854145,31.209932141131254
euc_elem_1748,30.200546330213548,17.04891157755331
euc_elem_2028,30.14675107002258,17.259861847352614
cos_elem_1552,30.14507249891758,14.199185111416579
euc_elem_2642,30.109176212549208,11.793602006826974
euc_elem_1908,30.083166700601577,17.4716532561783
euc_elem_2239,29.993934273719788,17.177284788804013
cos_elem_2935,29.984526896476744,10.840832601505117
euc_elem_403,29.9634006947279,12.440713174378287
cos_elem_2368,29.942631900310516,22.143201219209885
cos_elem_1252,29.917715704441072,13.243112776168358
euc_elem_711,29.913448041677476,10.909010563932956
cos_elem_2568,29.89242505431175,19.604654671386903
euc_elem_3265,29.885881632566452,21.793861427697056
euc_elem_3282,29.85642827153206,11.688998695389786
euc_elem_1332,29.853217801451684,26.212528576578766
euc_elem_466,29.80034107863903,14.466602836329365
cos_elem_1438,29.779157954454423,11.02942628003608
euc_elem_1025,29.723681074380874,22.401055054840434
cos_elem_2229,29.715787333250045,21.111912384367795
cos_elem_446,29.71573111265898,4.203340248495129
cos_elem_971,29.69315864443779,16.63934065497707
euc_elem_1056,29.618409311771394,9.934965088927326
cos_elem_1752,29.571004962921144,27.871297827406003
euc_elem_1287,29.569937807321548,27.830398751384873
cos_elem_140,29.555754113197327,9.39001947398453
euc_elem_1819,29.51025132536888,15.990545504590758
euc_elem_2564,29.36290134191513,22.128716334523002
euc_elem_2908,29.34779287278652,18.89762406472703
euc_elem_3210,29.24441118836403,16.217863457196025
euc_elem_1555,29.241473892331122,18.922688973911164
euc_elem_2469,29.23684540987015,14.45310944770916
cos_elem_2839,29.182802757620813,20.22623467492584
euc_elem_3107,29.154225447773932,33.78558835127885
euc_elem_2779,29.085177752375603,21.536695343844038
cos_elem_169,29.080272614955902,15.839531463086201
cos_elem_2665,29.072850042581557,21.711539684620856
euc_elem_1124,29.063564524054527,26.24047539469965
euc_elem_189,29.05801206231117,20.1491018437371
euc_elem_302,28.934518140554427,18.143952606615674
euc_elem_2741,28.904240465164186,18.29592354864165
euc_elem_168,28.75986511707306,25.35873101938989
euc_elem_2618,28.75845640897751,18.791961826970308
euc_elem_2490,28.69068153500557,16.37589178018032
euc_elem_793,28.667754185199737,11.77434097648465
euc_elem_1234,28.659090834856034,16.692598871175612
euc_elem_1738,28.65510011911392,14.236575222744085
euc_elem_1665,28.64276551902294,17.967379632279062
euc_elem_1363,28.56204679608345,7.792528466804077
euc_elem_1493,28.54370546191931,17.41862411699789
cos_elem_1475,28.423632436990736,17.03741682860375
cos_elem_1623,28.411206930875778,10.113945785076194
euc_elem_644,28.40743561387062,24.639871178634703
euc_elem_165,28.33642388880253,19.42543319048801
euc_elem_62,28.325628009438514,23.073044875715226
euc_elem_800,28.253627640008926,15.498201636919841
euc_elem_267,28.227168399095536,15.009432151845754
cos_elem_313,28.18840723633766,10.308444806635837
euc_elem_2617,28.14310606122017,12.155873992099771
euc_elem_1590,28.052190136909484,13.619154841765287
cos_elem_131,28.035867834091185,20.782004579296203
cos_elem_2956,28.034324514865876,25.651705055863896
cos_elem_703,28.03359939455986,15.97363241742538
euc_elem_2499,28.00873531103134,19.839456183702108
euc_elem_763,27.997489702701568,19.251311767147296
cos_elem_1516,27.99457175731659,16.66292955195636
euc_elem_2126,27.968011379241943,22.280973642855376
euc_elem_418,27.949690783023833,14.811908358964981
euc_elem_1907,27.941499638557435,11.902084046884442
euc_elem_1096,27.85092404484749,26.034416351889558
euc_elem_2458,27.803969107568264,21.554812417186522
cos_elem_1488,27.78355180621147,22.775308928406385
euc_elem_33,27.769824743270874,11.52580296225151
cos_elem_1919,27.707223495841028,17.269702888811846
euc_elem_2762,27.655087772011758,14.955082050140756
cos_elem_1629,27.633874705433847,13.6255233650879
euc_elem_2571,27.628183835744856,3.5996342350066617
cos_elem_486,27.6115072786808,7.1005466183527455
cos_elem_2457,27.60965642631054,15.810428989799064
euc_elem_2391,27.59418641924858,10.123948202162218
euc_elem_1184,27.512065917253494,13.76614294582198
euc_elem_2589,27.478957808017732,17.98573435778294
euc_elem_166,27.456417049467564,11.474836456680016
cos_elem_109,27.409385818243027,11.433821368287422
euc_elem_423,27.34127894639969,16.13789428103959
cos_elem_3218,27.283397330343725,13.484450223290992
cos_elem_2902,27.21774079799652,21.17555939457952
euc_elem_2716,27.214845395088197,10.996581226368896
euc_elem_70,27.204591223597525,9.56290896140539
cos_elem_922,27.193642792105674,12.953211621330007
euc_elem_1596,27.15164577960968,13.258664678405781
cos_elem_1559,27.139866948127747,22.62437469619423
euc_elem_1045,27.13628190755844,21.81014140778931
cos_elem_3001,27.101900506019593,10.383456238513507
cos_elem_3030,27.066589605808257,26.397627272831308
euc_elem_3169,27.05442019402981,11.87763519663705
cos_elem_810,27.047016817331315,14.013213072696207
euc_elem_3193,27.02815501689911,5.220137651701935
euc_elem_413,26.970429122447968,15.406954084155128
cos_elem_3318,26.94939116239548,12.597039047126364
cos_elem_267,26.949281466007232,15.685935060240691
euc_elem_2080,26.926404494047166,12.37909424204837
euc_elem_298,26.91564770638943,11.026258992481875
euc_elem_2433,26.868705298006535,15.788667197647433
euc_elem_1816,26.86154963374138,17.052593951576885
euc_elem_1692,26.858915555477143,12.347357747399906
euc_elem_1705,26.84777849316597,20.938307900010553
euc_elem_1507,26.83888521492481,21.71055488954141
cos_elem_1495,26.837388032674788,20.695547416002984
cos_elem_3078,26.77726714015007,17.80246871624095
cos_elem_2225,26.69832164347172,17.8333941344632
euc_elem_1095,26.681079655885696,23.906909522549277
euc_elem_2254,26.469922804832457,20.220961523738268
euc_elem_171,26.464842748641967,13.199387792176438
cos_elem_772,26.44847176074982,14.885487131252912
euc_elem_1721,26.430909436941146,9.574210633942997
euc_elem_1359,26.42995444238186,15.642787264663601
cos_elem_1911,26.31484484374523,13.636267357717948
euc_elem_110,26.24134492278099,12.089642543382364
euc_elem_182,26.11063236296177,3.329502488559371
euc_elem_770,26.104939624667168,15.693681259232232
cos_elem_1922,26.079106906056403,13.492683494155457
cos_elem_2471,26.04963031411171,12.576575611335892
cos_elem_2923,26.03976250886917,15.071213863222887
cos_elem_359,25.998156744241715,27.453372104891123
cos_elem_3161,25.973751610517503,9.97954048632804
cos_elem_1975,25.966509681940078,22.363673409262447
euc_elem_2715,25.95765981078148,12.46735344731493
cos_elem_2498,25.947490406036376,14.32652314127229
cos_elem_3052,25.89671010375023,8.083663774008157
cos_elem_1684,25.896270218491555,15.448415338549221
cos_elem_1802,25.843157970905303,15.909452878806391
cos_elem_1462,25.839621144533158,18.339080352999087
cos_elem_1642,25.75459024310112,4.626564040581077
euc_elem_2278,25.652307772636412,10.234144806443704
euc_elem_952,25.642262840270995,9.693745780107935
euc_elem_888,25.59034477174282,17.104142581034854
cos_elem_1278,25.585193228721618,14.939385564793884
cos_elem_3224,25.564671790599824,10.009899912969665
euc_elem_2152,25.499629819393157,14.451712916053028
euc_elem_835,25.49799246788025,16.93445715036788
euc_elem_1293,25.47935796380043,33.210194623125226
euc_elem_2886,25.435396975278856,9.825589188695009
euc_elem_482,25.42176022529602,17.048606433827853
cos_elem_3255,25.41065421551466,17.71279945424297
euc_elem_1387,25.403944516181944,15.07600817428104
cos_elem_1628,25.32012813091278,9.775810404923845
cos_elem_2115,25.262898516654968,11.952763409680248
euc_elem_95,25.24685569703579,20.143060584819715
cos_elem_1021,25.240138602256774,17.359768677649708
euc_elem_2412,25.22554055452347,15.348272209946959
euc_elem_1439,25.22522841691971,12.210490988586455
cos_elem_1567,25.21459231376648,7.83803608987562
cos_elem_2341,25.112239715456962,13.744142667179451
euc_elem_68,25.103668743371962,23.086753238051536
cos_elem_1095,25.07480543255806,16.306069626319555
euc_elem_2047,25.048521801829338,9.474450273675425
euc_elem_1932,25.005890363454817,36.980591449639405
cos_elem_485,24.965967851877213,13.630458050883894
cos_elem_1267,24.939044618606566,7.473556677896682
cos_elem_2920,24.933798468112947,18.18947471334265
euc_elem_1122,24.89353788495064,27.578119190747053
euc_elem_981,24.883784776926042,13.087914575428027
cos_elem_1723,24.84517675638199,16.0636645846974
cos_elem_336,24.75086679160595,15.834117938507541
euc_elem_736,24.723719772696494,16.597625075648423
cos_elem_3158,24.6899554669857,8.227451394197804
cos_elem_2360,24.64703291207552,21.00613497038022
cos_elem_1434,24.634893020987512,15.74537767490309
cos_elem_1998,24.632133579254152,9.90930700466153
euc_elem_1049,24.563546186685564,12.296999741962757
euc_elem_1308,24.534819918870927,14.706016973477857
cos_elem_311,24.528328275680543,17.012802675404004
euc_elem_2592,24.464419555664062,7.938183285484223
cos_elem_2972,24.369001837074755,10.203440702748134
euc_elem_643,24.3451269865036,13.795505800999356
euc_elem_2697,24.307941949367525,19.81797740871975
euc_elem_1544,24.277699601650237,12.033542047775422
euc_elem_2780,24.268216174840926,10.841966050453285
euc_elem_193,24.14459581375122,18.35949305824546
euc_elem_814,24.129495358467103,8.644535152229881
cos_elem_3210,24.10113942027092,11.219912402001741
euc_elem_2939,24.100879561901092,21.916739569201482
euc_elem_311,24.08284822702408,19.49759497329837
cos_elem_353,24.07980409860611,17.596100896002262
cos_elem_1746,24.048482662439348,11.041709534189534
cos_elem_3244,24.041597908735277,14.538894232747053
cos_elem_601,23.925102084875107,15.278269537877534
euc_elem_2336,23.92298698425293,12.644042743187985
cos_elem_925,23.891301453113556,12.744998130068236
euc_elem_2376,23.87595530748367,11.637516097317887
euc_elem_1087,23.823885172605515,14.689214396104044
euc_elem_2663,23.788155108690262,16.2994709577214
euc_elem_1091,23.775855100154878,19.72153131421339
euc_elem_753,23.762936329841615,15.062953911094024
cos_elem_3027,23.76171760559082,12.587158267249453
cos_elem_3147,23.741448640823364,10.522140562238093
cos_elem_1447,23.727435702085494,12.457112795329525
cos_elem_2523,23.721654856204985,14.55498021818777
euc_elem_1337,23.70687988102436,19.191965893233625
euc_elem_1414,23.7052675396204,5.191461406324165
euc_elem_699,23.654154655337333,16.71211368344682
euc_elem_1243,23.63538148701191,10.011881882732634
euc_elem_190,23.57073720097542,14.247762992962743
euc_elem_2424,23.567282743752003,10.679718688171263
cos_elem_2740,23.554438453912734,7.772539858502393
cos_elem_815,23.520882385969163,6.0434786738630955
euc_elem_3151,23.39024559855461,17.99961511844176
euc_elem_1472,23.339651131629942,8.321461794017749
cos_elem_1039,23.3244280397892,17.081305858641606
euc_elem_2215,23.32073231637478,26.685356013055202
cos_elem_663,23.315572449564932,11.089602949333317
cos_elem_2642,23.29609335064888,10.109143870036101
cos_elem_1704,23.246906849741936,19.73612789928496
euc_elem_1743,23.169444876909257,11.643538086717646
euc_elem_2578,23.117480325698853,14.358011317430826
euc_elem_2838,23.098219054937363,9.828756351924497
cos_elem_1878,23.04408156275749,9.628500198687078
cos_elem_974,23.039771336317063,5.7477194663598015
euc_elem_2516,23.012299770116805,7.411474590590164
cos_elem_3279,22.957317572832107,7.219532380099673
cos_elem_2673,22.942597961425783,17.233216781459287
euc_elem_2776,22.900481629371644,10.5281129474179
cos_elem_1529,22.862053780257703,12.18873840898445
euc_elem_1119,22.83748877644539,19.452189802234184
cos_elem_1056,22.78301973938942,11.171821594287778
cos_elem_2050,22.766477340459822,4.387181781702867
euc_elem_1139,22.697389683127405,9.628001456719716
euc_elem_2609,22.65507706403732,7.740819355454062
euc_elem_118,22.630359223484994,11.908727957281654
cos_elem_1665,22.55874438881874,15.545939684012504
euc_elem_1203,22.528872162103653,8.30520772009122
cos_elem_3088,22.49528782069683,10.469338796137766
cos_elem_1463,22.48031911253929,15.30530816802827
euc_elem_919,22.41705995798111,8.700364507764437
euc_elem_187,22.405373287200927,17.1987990046834
cos_elem_118,22.340564012527466,11.848472240161628
euc_elem_892,22.271700718998908,8.567214225087518
cos_elem_1907,22.19566916525364,7.995329502015149
euc_elem_3212,22.18766657114029,8.854765182714644
euc_elem_2486,22.11185293197632,15.48671671207684
euc_elem_752,22.106693840026857,9.693353959741119
cos_elem_1493,22.069159412384032,10.569572210031344
cos_elem_2824,22.06089154779911,11.561939730346866
cos_elem_179,22.01572230756283,18.45540511485555
euc_elem_1579,22.014528048038482,7.558894154208963
cos_elem_2805,22.011117160320282,12.324684475520172
euc_elem_2200,21.909448421001436,6.329701470716783
euc_elem_3182,21.896264865994453,10.066824360179066
euc_elem_338,21.876308327913286,15.301582301099076
euc_elem_2677,21.869161614775656,6.70958391739675
euc_elem_983,21.78942165374756,21.820069187195045
euc_elem_1810,21.788450795412064,5.533269219602231
euc_elem_1373,21.745478677749634,6.236608120949846
euc_elem_1871,21.713284169137477,15.571372130118744
euc_elem_2270,21.648925219476222,19.26302608629889
euc_elem_1300,21.61583393216133,11.598442682420377
cos_elem_3104,21.56119079887867,12.11187336572235
cos_elem_2205,21.559914886951447,12.8468913319381
euc_elem_735,21.521461206674577,17.850751656530786
euc_elem_1351,21.513275933265685,8.310528163884623
euc_elem_213,21.50324769616127,6.456117491375386
cos_elem_2937,21.496220894157887,8.85035668760773
cos_elem_298,21.48604136109352,8.616553012001217
euc_elem_2634,21.46022257208824,14.827199236513993
cos_elem_3295,21.431838643550872,6.944184091576867
euc_elem_205,21.423372822999955,14.055810601195951
cos_elem_1591,21.379309163242578,13.329696002753918
cos_elem_3050,21.357976938784123,13.930213030900564
cos_elem_797,21.32450696825981,13.750553174673119
cos_elem_1185,21.305171993374824,15.733753829238216
euc_elem_2739,21.288781023025514,17.53583026073146
cos_elem_1091,21.283313712477685,12.73065207793176
euc_elem_1273,21.21535679101944,9.460454307885328
euc_elem_1267,21.196154686808587,7.076908301746135
cos_elem_2997,21.185606247186662,17.845180610591957
euc_elem_2370,21.14443283677101,26.68943059482543
cos_elem_1423,21.128058904409407,5.551198314800355
cos_elem_1833,21.098342895507812,12.454392750252056
euc_elem_2554,21.0878446996212,13.378873184870725
euc_elem_3165,21.08206000328064,11.065669265211504
cos_elem_537,21.062052011489868,24.305536384008306
euc_elem_1154,21.037038326263428,11.933722533535637
cos_elem_2125,21.020814669132232,4.424602068106388
cos_elem_1932,21.016641712188722,17.299538048388815
euc_elem_2127,21.013286381959915,5.021138557360053
cos_elem_1577,20.981354200839995,14.276608588320563
euc_elem_1310,20.975399959087373,4.723868336524896
euc_elem_1796,20.962103754281998,8.43127854698109
euc_elem_866,20.9542414188385,17.08566956741141
cos_elem_2860,20.90927518606186,17.427240036229108
euc_elem_3023,20.90793889760971,15.707697356394185
cos_elem_662,20.86365208029747,16.048257405473315
cos_elem_1286,20.83344348669052,9.164988933677368
euc_elem_676,20.76743229031563,10.70417625574786
cos_elem_838,20.76522685587406,13.544948509673102
euc_elem_446,20.66908741593361,12.616019896306208
euc_elem_716,20.604897236824037,5.899183005228779
euc_elem_3052,20.600020557641983,16.88885876899749
euc_elem_2893,20.548508089780807,12.15634968604467
euc_elem_600,20.538262248039246,11.253411893685518
cos_elem_2594,20.511221259832382,18.004889977678886
cos_elem_1068,20.505256052315236,20.803463772572044
cos_elem_920,20.48697185218334,11.433343511165559
cos_elem_618,20.45137184858322,10.534051176420501
cos_elem_2826,20.40396883636713,9.1081336803892
euc_elem_2041,20.394174188375473,6.745812815333533
euc_elem_938,20.390177595615388,5.4735006345447985
euc_elem_1129,20.38039620220661,12.244906012078813
euc_elem_2777,20.348951214551924,10.320290381551056
euc_elem_1256,20.347606670856475,9.819070796584187
euc_elem_1545,20.296017387509345,10.383756860026342
cos_elem_2497,20.26359258890152,7.9021224939320955
cos_elem_929,20.25128021836281,9.611540325021206
cos_elem_418,20.211348831653595,9.497776310115649
cos_elem_1332,20.185675024986267,12.282549863619318
cos_elem_2566,20.1833398014307,9.487526572580457
euc_elem_445,20.159116637706756,9.36686939975058
euc_elem_1053,20.13918753862381,12.559849512918108
euc_elem_1623,20.12115612030029,12.045298385575416
euc_elem_2090,20.109631139039994,11.055665055080958
cos_elem_1184,20.085072261095046,11.953983050758843
cos_elem_1174,20.00538224577904,10.366683346005857
euc_elem_220,19.973777452111243,9.281972441393096
cos_elem_793,19.973476126790047,12.593518884960105
euc_elem_1510,19.971219831705092,12.431530997539612
euc_elem_2089,19.937181220948695,12.238175034895898
cos_elem_2896,19.92835281789303,17.23331249692261
cos_elem_1523,19.9216148853302,8.437821635595242
euc_elem_1326,19.919746692478657,6.674373779341644
cos_elem_127,19.872974514961243,18.42921574369624
cos_elem_2756,19.835116064548494,9.137035374534063
euc_elem_2484,19.814891946315765,12.043059920032533
euc_elem_3158,19.775246721506118,8.283362643164496
cos_elem_108,19.765518021583556,5.1939795745687265
euc_elem_1136,19.75486089885235,3.7740192809586928
euc_elem_1162,19.67698079943657,9.315441139586419
cos_elem_926,19.674567073583603,4.731978922600266
euc_elem_1304,19.66472271978855,4.19957665828015
cos_elem_885,19.65249131321907,6.551999518927551
euc_elem_1043,19.592031660676003,11.782828955878818
euc_elem_2364,19.585821974277497,12.412001192604178
euc_elem_1341,19.540889236330987,10.48681944272497
euc_elem_1391,19.54046559929848,5.783047787148139
euc_elem_3120,19.53372411429882,5.41120226034694
euc_elem_958,19.519441618025304,5.266624920627549
cos_elem_389,19.493556374311446,7.2606748895233375
cos_elem_3145,19.448871916532518,7.641294682632795
cos_elem_3233,19.427711790800096,18.860573374691207
cos_elem_2571,19.419375270605087,7.614333349808234
cos_elem_632,19.41243681907654,12.62976978084432
euc_elem_714,19.36158612370491,5.715601028698301
cos_elem_2401,19.359501004219055,13.568011683694165
euc_elem_2407,19.356798583269118,11.360837592255663
euc_elem_2836,19.354603868722915,10.172853538517483
euc_elem_708,19.349187314510345,3.0595160832858026
euc_elem_365,19.346652215719224,8.73996531880125
cos_elem_1177,19.325631535053255,8.111968330757573
euc_elem_2759,19.298987889289855,21.643622450100715
euc_elem_2636,19.29239180833101,7.67039723740103
euc_elem_2211,19.28869156241417,9.959998153551147
cos_elem_379,19.245063358545302,7.561438061730856
euc_elem_2444,19.226955765485762,10.62617705263886
euc_elem_3145,19.21628192961216,11.3001182448556
cos_elem_2965,19.196129909157754,7.367757220758229
euc_elem_384,19.1668099462986,11.350419336860492
cos_elem_1850,19.16184293925762,7.552232208287261
euc_elem_1882,19.15178920328617,16.77406392846138
euc_elem_1448,19.137054961919784,15.663195081608276
euc_elem_1103,19.10618112683296,18.052349053104123
cos_elem_2621,19.086645767092705,6.006405230489693
euc_elem_285,19.07936546653509,17.63846579587797
euc_elem_164,19.067687380313874,12.03585596167376
euc_elem_2350,19.054917043447496,14.578712360032783
cos_elem_3273,19.051498579978944,9.318718870666201
euc_elem_1321,19.04811155796051,10.132018689715416
cos_elem_1243,19.009728610515594,11.90494425349884
euc_elem_1751,18.940707969665528,7.960757535354518
euc_elem_2495,18.93567904829979,12.068793394402153
euc_elem_1941,18.92385586798191,22.970575365622746
euc_elem_1064,18.8759235560894,13.955327330569638
cos_elem_1519,18.875856518745422,9.711609920804571
cos_elem_959,18.816841512918472,9.242583595834962
euc_elem_726,18.797401466965674,9.00047084391315
cos_elem_2939,18.789413619041444,12.941713037310512
cos_elem_1506,18.76323484182358,7.724258452622071
cos_elem_2326,18.75937184393406,11.5031104911006
cos_elem_835,18.712256681919097,9.227275507607793
cos_elem_1359,18.687657123804094,11.588952942866062
cos_elem_186,18.681828945875168,6.321272713440575
euc_elem_3040,18.65961647629738,11.48983488992732
cos_elem_1098,18.65288087427616,17.13810188531916
cos_elem_568,18.646754002571107,10.354801522695817
euc_elem_2398,18.642785236239433,8.29643901408058
euc_elem_63,18.577792286872864,7.833626585833485
cos_elem_2011,18.57565109282732,11.423564851184965
euc_elem_3197,18.572363233566286,7.241715409248365
cos_elem_1421,18.567068089544772,5.192613756919157
cos_elem_2494,18.533218379318715,11.232789666626621
euc_elem_1462,18.523980969190596,6.120531122280545
cos_elem_1531,18.51974684596062,7.769466185080692
cos_elem_2109,18.502478703856468,9.212410103592978
euc_elem_854,18.422778198122977,10.520636832427535
cos_elem_2806,18.40978737473488,11.676604173614361
euc_elem_1238,18.397643518447875,12.54375264459989
euc_elem_22,18.384874761104584,14.003180361880954
euc_elem_2471,18.366009575128555,16.51203562707415
cos_elem_2313,18.36368711590767,8.733897821326801
cos_elem_3183,18.339992141723634,9.636814856575747
euc_elem_907,18.27827058136463,4.683814440564753
cos_elem_1518,18.27347186803818,14.237329347006476
euc_elem_1864,18.27204149365425,10.20915041178433
cos_elem_1507,18.219143611192703,15.909966650713862
euc_elem_2750,18.123695480823518,9.451677895602199
euc_elem_2193,18.097452223300934,6.441605633722714
cos_elem_720,18.084232902526857,16.66538211666685
euc_elem_3034,18.072695177793502,9.365174995082162
cos_elem_935,18.020306798815728,17.080341050649007
cos_elem_1744,17.956162303686142,5.458475738902996
euc_elem_2506,17.940905702114105,4.280472214494205
euc_elem_114,17.91548603773117,11.669964907880649
euc_elem_1601,17.856877428293227,14.807344813921942
cos_elem_907,17.849345606565475,15.542067318876576
euc_elem_488,17.841189259290694,3.303335659177541
euc_elem_2934,17.837599432468416,4.766260393923146
euc_elem_1528,17.83045309484005,13.949681335927808
cos_elem_1941,17.800982075929642,8.216424990087612
euc_elem_1354,17.744126331806182,11.92853403973581
cos_elem_882,17.710358345508574,11.07297043682948
cos_elem_2897,17.679674458503722,10.33842433781434
euc_elem_656,17.669943815469743,14.07594885861831
cos_elem_562,17.669632643461227,15.118112766658875
euc_elem_1374,17.58638191819191,9.009039436627488
euc_elem_1214,17.5604475826025,8.112263375337267
cos_elem_1625,17.538787484169006,15.187599777307694
cos_elem_187,17.526736491918562,11.072610321424463
cos_elem_199,17.52592263817787,6.804931485366769
cos_elem_1968,17.51375231742859,9.49510466041936
cos_elem_2400,17.488842618465423,11.693205495029012
euc_elem_901,17.487042409181594,10.005430399557923
euc_elem_2429,17.473249399662016,13.228669349505177
euc_elem_1803,17.429160971939563,7.148449805507584
euc_elem_2446,17.423445478081703,9.168075568761214
euc_elem_309,17.415012383460997,6.73271785581105
euc_elem_3065,17.414809960126878,6.880128473083796
euc_elem_679,17.39018917679787,7.19031893076682
cos_elem_2787,17.388877934217454,6.006537669319847
euc_elem_691,17.2791248857975,9.419308002445858
cos_elem_2243,17.268816232681274,9.739127485411027
euc_elem_1108,17.248060578107832,7.575927023939954
euc_elem_2600,17.24305055141449,8.90635073498887
euc_elem_2863,17.22999147772789,6.369050397592957
cos_elem_1020,17.203794699907302,15.064378265159819
euc_elem_398,17.175378888845444,7.867576925054957
euc_elem_1968,17.143420723080634,13.957215699165765
cos_elem_355,17.137114918231966,12.534283523827526
euc_elem_1253,17.12770594358444,9.437224577462493
cos_elem_1104,17.116637939214705,10.452486635509432
euc_elem_2667,17.104472357034684,5.510913045755445
euc_elem_2787,17.09860617816448,14.121802756906558
euc_elem_486,17.075131505727768,4.6141975502444055
euc_elem_1619,17.067803150415422,4.310631194311303
euc_elem_1260,17.0602199614048,9.343352137017161
euc_elem_1158,17.0386754989624,15.26416245075541
cos_elem_2795,16.99097933471203,11.99334856506359
euc_elem_10,16.977171289920808,13.553819885049846
cos_elem_577,16.971828907728195,10.050934521762317
cos_elem_2307,16.9505277633667,7.555960081919967
euc_elem_2280,16.94078619480133,5.013469634716386
euc_elem_667,16.917859214544297,5.208221273967133
euc_elem_925,16.901628774404525,9.560331709995047
cos_elem_2686,16.842645364999772,12.56088012275638
cos_elem_3223,16.774807128310204,11.68309283719114
cos_elem_213,16.764830794930457,8.658868225550881
euc_elem_803,16.73181727528572,11.279702178758942
cos_elem_1588,16.706493818759917,5.96983886328186
euc_elem_1506,16.68626475930214,4.872472001977592
cos_elem_3133,16.6842291533947,7.692782429205165
cos_elem_958,16.650654441118242,6.71431221716883
euc_elem_2289,16.6087529361248,4.828087345315944
euc_elem_2164,16.573834395408632,12.354459890021017
euc_elem_872,16.572565686702728,11.050758706249233
cos_elem_2825,16.56839486807585,6.457409877042133
euc_elem_1070,16.563143306970595,9.237723422800356
cos_elem_1595,16.55568045973778,9.854269107904711
cos_elem_3236,16.548833334445952,3.198366704791158
cos_elem_3151,16.525124537944794,6.659266092299096
cos_elem_1796,16.522685325145723,9.03229047657047
euc_elem_2941,16.496282714605332,9.589833422492275
cos_elem_2004,16.46200433969498,8.311764756009138
euc_elem_388,16.405207777023314,7.2447884260458535
euc_elem_331,16.4028301179409,8.828691773038667
cos_elem_2407,16.370847606658934,12.376886005157926
cos_elem_2060,16.35261906683445,10.23504086910384
euc_elem_31,16.34285119175911,8.813729299541635
cos_elem_2510,16.307106190919875,6.836798721935406
cos_elem_1663,16.28521364927292,7.527157316891548
cos_elem_679,16.270750987529755,5.7834874676100725
euc_elem_1335,16.26165888309479,3.868356231981723
euc_elem_1872,16.251494579017162,6.703729079690947
cos_elem_1272,16.243382376432418,7.855073115411385
cos_elem_1409,16.221473801136018,17.96040002333904
cos_elem_1496,16.21280504465103,9.157298625788991
euc_elem_2740,16.21044988632202,9.469622605950637
euc_elem_441,16.1831274330616,3.2192998234256263
euc_elem_1193,16.1793291926384,7.129839639257931
euc_elem_1672,16.177222645282747,12.156122493877294
cos_elem_1825,16.16357942223549,11.691597877425995
euc_elem_2839,16.160450601577757,6.319719649748747
euc_elem_680,16.15186934620142,9.041101473537754
euc_elem_623,16.053501296043397,8.848592007790584
cos_elem_2228,16.03575121164322,5.121184100504082
euc_elem_791,16.014888240396978,9.465256061207018
euc_elem_2339,16.011644047498702,7.888563435682088
cos_elem_1721,16.003492367267608,5.7324756193923685
euc_elem_1452,15.981474369764328,8.51394519010324
euc_elem_717,15.916335561871529,3.463042639014949
cos_elem_2516,15.915239477157593,7.182506554773098
euc_elem_3296,15.898006290197372,7.3327900857168045
euc_elem_2903,15.885570907592774,10.69164193470572
euc_elem_357,15.873706948757171,8.37234531281182
euc_elem_239,15.847881653904915,4.820856499605422
euc_elem_3303,15.842421704530716,8.585522579859695
cos_elem_1757,15.814371797442437,7.2820567459861305
cos_elem_3100,15.81188040971756,11.156889539017026
cos_elem_3033,15.804965943098068,7.581490736575628
cos_elem_1147,15.803865671157837,9.322181544546146
euc_elem_1518,15.774449509382247,8.882692423333362
cos_elem_1045,15.757023599743842,7.924748266050183
cos_elem_1566,15.695636132359505,7.708771670094438
euc_elem_1497,15.631696003675462,6.430067252771517
euc_elem_1417,15.627316635847091,3.7848034401604314
euc_elem_146,15.616569378972054,5.356088953301856
cos_elem_2821,15.590288108587265,11.915401035664257
euc_elem_2306,15.5411351531744,3.6145840182880544
euc_elem_905,15.494724953174591,5.168694945941169
cos_elem_747,15.459205067157745,13.034835632898991
euc_elem_342,15.447816452383995,13.327278675981361
cos_elem_1214,15.42498800456524,3.7160835676147888
cos_elem_3289,15.422196555137635,11.637867751627311
euc_elem_1530,15.402204295992851,12.810187859680871
cos_elem_886,15.3662540435791,10.273867889305166
euc_elem_1557,15.352747559547424,5.88681631783629
euc_elem_2264,15.292931991815568,7.829773012722488
euc_elem_1211,15.258004334568977,4.56960982397826
euc_elem_2937,15.246728771924973,7.161907995892339
euc_elem_2122,15.229409754276276,8.724585924771562
cos_elem_3293,15.226135647296905,4.965723119091289
cos_elem_1810,15.206910330057145,8.26298628880908
cos_elem_766,15.194840437173843,11.316694300072253
euc_elem_192,15.18733939230442,5.013826910024505
cos_elem_2818,15.182185104489326,11.866088263553335
euc_elem_3206,15.162482333183288,9.256768119011323
euc_elem_2268,15.137870001792908,8.954567724674918
euc_elem_3235,15.132392114400863,7.686661546767943
euc_elem_2680,15.098348611593247,7.198451762107633
euc_elem_2875,15.070813888311386,9.265619993605597
cos_elem_438,15.056028842926025,9.38343868426537
cos_elem_756,15.027709275484085,6.0358749697435155
euc_elem_288,15.005102303624152,6.503935379220037
euc_elem_305,14.982023882865906,6.316968708614478
euc_elem_1345,14.971567165851592,8.352411933984273
euc_elem_85,14.960547721385955,8.264954770755615
cos_elem_735,14.945021304488183,15.97591189316914
cos_elem_841,14.878939992189407,10.220364480974055
euc_elem_1225,14.837007242441178,10.628191435205306
cos_elem_833,14.823667538166045,8.156623450247054
cos_elem_1078,14.807999932765961,5.7434090875334975
cos_elem_1420,14.803975796699524,10.813426700058697
cos_elem_2540,14.801724362373353,5.905522471175494
euc_elem_1744,14.782352995872497,7.472030971134433
euc_elem_825,14.763424795866012,11.484502102941132
cos_elem_2424,14.762858068943023,16.19420940445466
euc_elem_860,14.752545285224915,7.347346346635162
cos_elem_1193,14.75025714635849,8.84693612118883
euc_elem_1963,14.743555068969727,8.98119425486409
cos_elem_3197,14.705562299489975,8.927319004991993
cos_elem_1435,14.70555254817009,7.793010387358824
cos_elem_1603,14.68945015668869,7.235589597719019
euc_elem_2756,14.686458054184914,8.584921681855821
cos_elem_226,14.683370965719224,11.336641619614419
euc_elem_611,14.67136482000351,7.133958972372133
euc_elem_1437,14.657475727796555,13.180054563865635
euc_elem_1546,14.64887684583664,7.482249174254805
cos_elem_454,14.645268550515175,12.886328043287214
euc_elem_2513,14.609384191036224,10.016042760698422
cos_elem_1914,14.602315843105316,8.844724943428558
cos_elem_1442,14.590727162361144,9.846950505460825
euc_elem_2672,14.581050801277161,12.419384231449488
cos_elem_3301,14.57088150382042,5.119748105999618
cos_elem_961,14.562694229185581,4.944260630900972
euc_elem_1831,14.532660406827926,9.218610127350482
cos_elem_2041,14.53157851099968,9.147520908175984
euc_elem_2897,14.515624523162842,4.30880920272138
euc_elem_678,14.473439359664917,3.8481709521323513
euc_elem_1519,14.457093143463135,5.247630243613772
euc_elem_2112,14.451145386695861,8.649769132904943
euc_elem_316,14.442738932371139,5.196483356358941
euc_elem_2269,14.428158751130104,5.962008455434136
euc_elem_535,14.394369530677796,5.761299503218742
euc_elem_1515,14.371253383159637,12.150910539848052
cos_elem_1389,14.36261343061924,8.465538740615576
euc_elem_2453,14.360811308026314,8.458388133256008
euc_elem_2816,14.320182877779008,6.699059856110333
cos_elem_1260,14.307478800415993,10.812238442703688
euc_elem_1863,14.285573077201843,7.966157749421751
cos_elem_1489,14.24755872786045,4.28555986190324
euc_elem_96,14.23502345085144,7.356886766866982
euc_elem_3201,14.222829893231392,11.016993000337468
euc_elem_1887,14.213793444633485,7.651390051280616
euc_elem_2148,14.198787021636964,5.286921170015188
cos_elem_1534,14.195347470045089,9.099490797043003
euc_elem_916,14.193313194811344,9.598345608866726
cos_elem_1041,14.191385382413864,7.678873557732518
cos_elem_937,14.171208226680756,12.745680267932414
cos_elem_2738,14.159223091602325,8.774539684773394
cos_elem_2801,14.158881306648254,9.5472995683911
cos_elem_871,14.157833790779113,6.308564635635605
cos_elem_1716,14.072896581888198,10.55095118135906
euc_elem_1436,14.046573388576508,9.740798934813446
euc_elem_671,14.045362132787705,7.355866227699254
euc_elem_37,14.038028264045716,12.51988957302818
euc_elem_694,14.03220701366663,5.0425054598509345
cos_elem_1632,14.03040072619915,7.511978553520019
cos_elem_1731,14.013321593403816,11.122582127130679
cos_elem_2297,13.988683986663819,10.257131175254194
euc_elem_2690,13.977941536903382,9.521182391083025
euc_elem_974,13.970838418602943,6.042111914226558
euc_elem_2821,13.969234377145767,7.93066596337735
euc_elem_2614,13.958025184273719,10.627434656430934
euc_elem_3256,13.951185822486877,6.447773385145645
cos_elem_1769,13.938108521699906,8.248568352217987
euc_elem_2472,13.930680358409882,8.27575906070032
cos_elem_3023,13.924925652146339,7.07896312244972
cos_elem_1634,13.904472756385804,5.6656345304417615
euc_elem_3234,13.83866286277771,8.407680207873657
cos_elem_1562,13.83845812678337,5.831340775496941
euc_elem_3302,13.827974224090577,1.167786437893757
cos_elem_534,13.810255843400956,4.707502484955288
euc_elem_1229,13.786595657467842,5.131022141514114
cos_elem_2079,13.767003586888313,7.719956574587351
cos_elem_737,13.762324547767639,7.573841808659235
euc_elem_2142,13.698111552000046,8.43514669545205
euc_elem_464,13.693866658210755,5.611178922305457
euc_elem_1576,13.687742479145527,7.57348492526137
euc_elem_354,13.681934830546378,8.949773389365475
cos_elem_22,13.677944748103618,9.375543263726005
cos_elem_2078,13.648987317085266,4.382327676818596
euc_elem_2283,13.645214688777923,8.989128737689445
cos_elem_1419,13.635815730690956,3.8463636119613307
euc_elem_1608,13.603804618120193,6.443325560236996
cos_elem_3311,13.578094530105592,6.057358315386318
cos_elem_369,13.572625488042831,2.482755269889608
cos_elem_690,13.512149333953857,8.09497080947835
euc_elem_2357,13.509837931394577,6.401153222139109
cos_elem_106,13.506998866796494,5.072107534418189
cos_elem_2009,13.494911897182465,8.5820619315776
cos_elem_189,13.484958708286285,11.441486902821628
euc_elem_966,13.462732875347138,4.249624492632456
euc_elem_870,13.438726389408112,7.379148199967464
cos_elem_2641,13.431730937957763,6.643181495261707
cos_elem_2706,13.42259052991867,10.017495292874441
cos_elem_1517,13.402621161937713,3.4678349858458155
cos_elem_1691,13.383509866893291,6.316699622453466
cos_elem_2847,13.370047649741172,6.905484723339396
cos_elem_1446,13.346435239911079,5.386376540621064
euc_elem_2595,13.328779566287995,5.0767334603162615
cos_elem_1617,13.257248616218567,3.5424760145949223
euc_elem_141,13.231881093978881,6.2216311406537645
euc_elem_1274,13.20928788483143,9.734668389104606
cos_elem_1200,13.201072216033936,14.042709745614838
cos_elem_1915,13.187366032600403,9.650638190950408
cos_elem_2780,13.178885114192962,4.2412486408210945
euc_elem_2805,13.150539833307267,7.292906093904669
euc_elem_3150,13.10149439573288,9.294967224101937
euc_elem_1166,13.07207790017128,3.326932980114382
euc_elem_1837,13.06099350452423,8.717739884049202
euc_elem_1312,13.057944852113724,5.6309781065556646
euc_elem_438,13.046688187122346,3.827711392691368
euc_elem_2438,13.044216018915176,7.494058927676041
euc_elem_266,13.030278837680816,6.4433739009414825
euc_elem_3068,12.984726813435554,10.58099565499511
cos_elem_927,12.954117408394813,5.7453551037710895
euc_elem_3228,12.847491854429245,6.735017809843189
cos_elem_1143,12.83591894209385,2.6228821157999147
cos_elem_1699,12.826474153995514,5.943223554316996
euc_elem_1303,12.807240867614746,5.29496226110478
euc_elem_1317,12.801638969779015,7.161277599573141
euc_elem_2748,12.792494368553161,4.930284165790767
euc_elem_590,12.7895712018013,8.662601657091408
cos_elem_1384,12.78782586157322,8.348631575919253
euc_elem_317,12.77547503709793,10.646338712283452
cos_elem_2059,12.772357821464539,4.957794076284715
euc_elem_1297,12.75850269794464,10.957186771427455
euc_elem_3092,12.738830125331878,7.4348902035544455
euc_elem_1814,12.733503642678262,10.636529198550276
euc_elem_3262,12.725104892253876,7.432978406995111
cos_elem_668,12.706601393222808,5.259407574923849
euc_elem_293,12.67930611371994,5.655702118944066
cos_elem_192,12.647209352254867,2.385459485640975
euc_elem_1757,12.568369150161743,6.014027565977143
euc_elem_1375,12.558669963479042,9.156802748304592
euc_elem_1513,12.553805059194564,7.180662508432084
cos_elem_2474,12.549654406309127,9.512146716177645
euc_elem_1251,12.524610412120818,5.88503003992667
cos_elem_1573,12.516244126856327,3.1779865220480823
cos_elem_3305,12.511870639771223,5.290046667529922
cos_elem_1822,12.496979436278343,3.9974697318656687
euc_elem_1988,12.463666218519212,5.672827556366148
cos_elem_1984,12.370703837275505,6.115962206011083
cos_elem_1129,12.358985376358032,3.3864258023546907
cos_elem_1862,12.32861922979355,2.696348066985839
euc_elem_1161,12.314405286312104,8.941013055568128
euc_elem_2891,12.307011052966118,4.751842796307093
cos_elem_1445,12.304136675596236,6.489378578401375
euc_elem_479,12.256162217259407,5.281219496013435
euc_elem_1485,12.246129384636879,4.444208161083677
cos_elem_180,12.23392608165741,12.964166576331763
euc_elem_1875,12.232357090711593,3.0609528774468022
euc_elem_2515,12.228010976314545,4.695759900857255
euc_elem_2842,12.220020925998687,5.649578621383529
cos_elem_3075,12.212734691798687,5.676396824742136
cos_elem_170,12.210106217861176,5.0327098003196395
euc_elem_2266,12.187758493423463,6.0247804263054485
cos_elem_91,12.177664628624916,11.879928947074802
cos_elem_45,12.177423357963562,10.306416685695469
cos_elem_2778,12.171339148283005,6.962709904298174
euc_elem_453,12.156215243041515,8.457521403306872
euc_elem_1248,12.153326952457428,6.412647320075367
cos_elem_1102,12.152171164751053,7.01551027869981
cos_elem_136,12.152145957946777,9.117934218564576
cos_elem_863,12.119869583845139,4.787424292409636
cos_elem_1714,12.026685345172883,5.72847010507033
cos_elem_1635,11.959481373429298,10.917705446038276
cos_elem_2969,11.898275631666184,8.807165988480651
cos_elem_2855,11.829816949367522,7.118681994755485
euc_elem_2449,11.82755908370018,5.809021280328895
euc_elem_2831,11.813047963380814,3.3200600535590246
euc_elem_664,11.803242963552474,5.572220269504008
cos_elem_1368,11.78628426194191,3.417747072643889
cos_elem_1364,11.74737429022789,12.820159019101919
euc_elem_112,11.740992069244385,6.422841934101064
cos_elem_2915,11.714967274665833,7.842268551541549
euc_elem_1661,11.712775725126267,7.157717908575798
cos_elem_449,11.708897861838341,4.6602325671246385
cos_elem_1050,11.690840941667556,6.995585734788445
euc_elem_1978,11.671212005615235,5.837565181208993
euc_elem_1264,11.665055292844773,5.258527401540542
euc_elem_867,11.63760021328926,5.581464250826481
cos_elem_977,11.619954207539559,3.022560599648728
euc_elem_703,11.592989528179169,6.527175679894891
cos_elem_2716,11.591648066043854,2.9594374789265787
euc_elem_1440,11.556783017516135,4.90782398297668
cos_elem_1784,11.551697373390198,6.457659852808602
euc_elem_2004,11.54144519865513,5.409842962494021
cos_elem_3321,11.531625312566756,7.380445459865155
cos_elem_1705,11.48395574092865,7.1137280781663375
cos_elem_1266,11.48272255063057,8.644263347041727
cos_elem_2718,11.473066651821137,10.078394115965978
euc_elem_2231,11.45361961722374,4.441547290307216
cos_elem_3008,11.419078510999679,15.501516009790594
euc_elem_3298,11.396902868151665,3.623034807170526
euc_elem_895,11.379656809568406,7.554361502629184
cos_elem_860,11.340505671501159,6.325487568456989
euc_elem_1065,11.33929784297943,6.2943098843069745
euc_elem_2481,11.336670565605164,9.613906710736218
cos_elem_9,11.331687289476395,2.836650040783204
cos_elem_229,11.320464074611664,3.205324396486498
cos_elem_2885,11.316904824972152,5.04177913072838
euc_elem_247,11.302601318061352,3.6008498179223905
cos_elem_384,11.302493703365325,2.653663524472816
cos_elem_2429,11.261365991830825,6.397174845433625
cos_elem_1085,11.247588908672332,5.922673576254699
cos_elem_1612,11.24555461704731,5.132776239386519
cos_elem_1836,11.223239995539188,6.06042591219586
cos_elem_273,11.223204883933068,3.124153114035128
euc_elem_2651,11.202202534675598,5.5009418103875785
cos_elem_3144,11.199304044246674,4.779475947706573
cos_elem_754,11.191722455620766,1.6448334911451212
euc_elem_375,11.190700617432594,7.585791141577908
cos_elem_657,11.173707196116448,3.380209285605875
euc_elem_2103,11.167394763231277,3.3319485258350703
cos_elem_1210,11.163219964504242,3.1617056558280705
euc_elem_910,11.14797877073288,6.647649333568494
euc_elem_1185,11.123899912834167,5.198013844599408
cos_elem_1659,11.10889538526535,4.0135845569727815
euc_elem_1295,11.106632766127586,5.236768954476223
cos_elem_1218,11.078559970855713,5.153310339832285
euc_elem_859,11.075488188862801,6.6883912749264365
cos_elem_300,11.075190770626069,4.517141049158884
cos_elem_1535,11.07472425699234,2.854592885235586
euc_elem_2888,11.065125632286072,6.088954936863083
cos_elem_2852,11.056449246406554,4.7188069381998154
cos_elem_667,11.054302486777306,4.223921006495979
cos_elem_3180,11.047587287425994,4.1676821387924035
cos_elem_1073,11.037025386095047,2.4098706521403015
cos_elem_1032,11.008007603883744,5.51772884411678
euc_elem_107,11.006569021940232,4.680552676285792
euc_elem_3072,10.976329991221428,5.028418191600509
euc_elem_2169,10.948676776885986,3.8788699500830135
cos_elem_1205,10.946123170852662,2.601986646849174
euc_elem_2214,10.895440179109574,3.8696769937218733
cos_elem_3046,10.83869776725769,3.3609583424801026
euc_elem_1451,10.82998468875885,6.657120355889732
euc_elem_121,10.812492924928666,4.034900046541962
euc_elem_1144,10.805017018318177,3.8287446338313473
euc_elem_2319,10.79133463203907,5.809134242941658
euc_elem_2965,10.681581407785416,3.251391820427496
euc_elem_2669,10.679909259080887,6.249425959948857
euc_elem_377,10.624391734600067,6.329952609982786
euc_elem_2307,10.605138325691223,3.7810339171299963
euc_elem_463,10.600097358226776,4.093330796001096
euc_elem_1327,10.581733423471452,5.664215094224157
cos_elem_2021,10.55358213186264,4.7085499195311895
cos_elem_387,10.536017064750194,5.635033447547534
euc_elem_2196,10.533540195226669,3.92625127501823
euc_elem_132,10.530596840381623,6.415274459994368
euc_elem_1164,10.510220742225647,3.0243514443901236
cos_elem_1763,10.495190840959548,3.488919513853455
cos_elem_1846,10.471456637978553,5.902356963972493
cos_elem_1223,10.455251529812813,7.096103681892639
cos_elem_1974,10.450924962759018,7.711398478368853
cos_elem_1978,10.428556025028229,7.3061773510743535
cos_elem_3220,10.423652812838554,4.907392786623144
euc_elem_2293,10.419968050718307,3.0323359428359495
euc_elem_542,10.405057018995285,4.659092242148757
cos_elem_1262,10.39531916975975,4.365323216949488
cos_elem_813,10.36034304201603,4.691589048616674
euc_elem_1384,10.33830007314682,6.356905219846573
euc_elem_3030,10.320334339141846,5.576457965832238
cos_elem_1468,10.26633267402649,5.945179988883128
euc_elem_2712,10.26435261964798,6.678523477148006
cos_elem_1874,10.263834464550019,6.202826694522774
cos_elem_2898,10.251328867673873,5.64343377742143
euc_elem_1885,10.222126235067844,3.118595343921943
cos_elem_2874,10.188050419092178,3.5328528782166964
euc_elem_2248,10.135744422674179,6.098355485203801
euc_elem_1227,10.105545207858086,5.698109496564386
euc_elem_2585,10.07565696835518,7.558563373045402
euc_elem_236,10.031103599071503,5.6053913964480575
euc_elem_1541,10.030265486240387,4.186958580700738
cos_elem_1660,10.010930824279786,3.8528495738837587
euc_elem_1974,10.009462022781372,6.642629501137469
cos_elem_309,10.007469817996025,3.0887088804317817
euc_elem_1357,10.001680353283882,5.007226181754141
euc_elem_2378,9.940016394853592,6.453270398134394
cos_elem_1225,9.887217366695404,4.485852089590502
euc_elem_1731,9.81231877207756,2.448184738729461
euc_elem_3208,9.792614288628101,3.068763174920211
euc_elem_491,9.766726651787758,4.8542338305099335
euc_elem_1635,9.756216394901276,5.322453343570307
euc_elem_3268,9.751070141792297,1.8869388465791428
euc_elem_1962,9.746871596574783,2.1268922838396174
euc_elem_2789,9.746024644374847,5.205807597917772
cos_elem_1646,9.74438925087452,5.3844895663690995
euc_elem_2335,9.734083661437035,5.9389035983764265
cos_elem_2748,9.730573976039887,7.23406780699782
cos_elem_3159,9.729362952709199,3.945073436808717
cos_elem_2007,9.707812190055847,4.971154019499024
euc_elem_2318,9.698171973228455,5.1558793972885315
euc_elem_882,9.666196489334107,4.5890952479226135
euc_elem_229,9.618943405151366,5.6087257372464645
euc_elem_1067,9.604444271326065,7.378612068564616
cos_elem_2144,9.600207602977752,9.409858793174578
cos_elem_1083,9.598180150985717,7.4578301803531035
cos_elem_1,9.577586835622787,6.106764456944733
cos_elem_1698,9.564735192060471,4.3970637251696285
euc_elem_199,9.56370500922203,4.847654101387658
euc_elem_900,9.561389374732972,6.136953755836554
cos_elem_2891,9.559560614824296,2.2226888026746265
euc_elem_2593,9.552219408750535,3.7201696416068555
cos_elem_1770,9.513321787118912,4.011771576006153
cos_elem_491,9.497567611932755,2.78186409718782
cos_elem_2351,9.493672646582127,7.526155593540897
euc_elem_2381,9.480888068675995,4.657026993113368
cos_elem_944,9.470094978809357,3.906081183708723
cos_elem_92,9.460183253884315,5.897702916383549
euc_elem_2095,9.456964030861855,5.228831518054322
euc_elem_1195,9.455469608306885,7.5307983664768665
cos_elem_2976,9.449438519775867,5.752801176401333
cos_elem_875,9.443432959914208,2.8691349217151836
euc_elem_2626,9.422655683755874,6.7223416648972
euc_elem_2553,9.422348856925964,3.9711920689024556
euc_elem_2758,9.340619421005249,2.7121345735208484
cos_elem_2517,9.33696482181549,4.942925689744481
euc_elem_3291,9.336102974414825,5.362798022812428
cos_elem_3316,9.324435582756996,2.9000463882587417
cos_elem_2000,9.233675926923752,5.764128826998338
euc_elem_2737,9.217429584264755,5.2693245005126315
euc_elem_1489,9.217012119293212,4.28401161265921
cos_elem_1047,9.210735419392586,4.140700322605705
euc_elem_2631,9.167394369840622,4.091256314662799
cos_elem_1025,9.143562403321265,4.2191608715994215
cos_elem_2330,9.143083935976028,5.759993108498502
euc_elem_3315,9.135705834627151,2.152694090577034
cos_elem_3281,9.095373797416688,3.887617302780795
euc_elem_1385,9.094829404354096,7.234523067448455
cos_elem_1113,9.067363354563714,5.886022256007537
euc_elem_1879,9.044127589464187,5.639954372170436
euc_elem_1674,9.04020061790943,5.312099545137366
cos_elem_1889,8.95923455953598,5.4371218722773955
euc_elem_3133,8.95524005293846,2.883652245993109
euc_elem_2171,8.942476347088814,3.7164025523939017
cos_elem_785,8.89880882203579,4.807550217394949
cos_elem_1264,8.864121842384339,5.741712666508287
cos_elem_1485,8.860581016540527,5.4744012919588645
euc_elem_2661,8.815153157711029,4.870926752495776
euc_elem_1736,8.757623589038849,2.6748252659982885
cos_elem_1886,8.717019993066788,2.58420221860069
cos_elem_1014,8.684321326017379,5.368159575205711
cos_elem_1327,8.68127128481865,6.860789057544957
euc_elem_201,8.652706813812255,3.506678688406095
euc_elem_24,8.652673989534378,10.838336163957953
euc_elem_158,8.639444440603256,4.005903228020132
euc_elem_449,8.635656398534774,4.298025986792173
cos_elem_2808,8.631147646903992,2.3217516355404455
euc_elem_1257,8.624648156762124,5.120056160163927
cos_elem_1697,8.578388381004334,3.467227879082942
euc_elem_3144,8.546786862611771,5.155404769943791
cos_elem_1791,8.540147233009339,6.190721235679177
euc_elem_1961,8.525036239624024,4.24835224417366
cos_elem_1001,8.517461091279984,1.9727873789663828
euc_elem_1428,8.500421208143234,4.69777603289193
cos_elem_38,8.487051171064376,3.860277411860464
euc_elem_1771,8.437089535593987,5.750388498946037
euc_elem_1280,8.432385861873627,5.123939338079942
euc_elem_1189,8.411918061971665,4.35281487988783
cos_elem_2518,8.37668274641037,6.408773310475431
euc_elem_2234,8.355903005599975,2.2593037381377816
euc_elem_2922,8.34154720902443,5.083986626142533
cos_elem_424,8.294719207286835,3.184904672129208
cos_elem_2645,8.26840957403183,2.444484763544669
cos_elem_2636,8.237329405546188,2.0742606942298476
euc_elem_2400,8.22803379893303,6.407255597146234
cos_elem_1742,8.20669620037079,1.945061948675256
euc_elem_281,8.198278880119323,3.7781762081133996
euc_elem_1409,8.180969101190566,4.17470133077626
euc_elem_42,8.159468472003937,1.6667440939477407
cos_elem_2991,8.143916338682175,5.808631074164488
cos_elem_1672,8.102912291884422,4.773907557013907
euc_elem_104,8.102435684204101,3.0552655781697187
cos_elem_318,8.096645307540893,8.842671615178846
cos_elem_463,8.086248254776,4.659387745307286
cos_elem_1437,8.07202718257904,3.6218718773769774
euc_elem_2629,8.070140188932418,4.608443261126881
euc_elem_280,8.038339564204216,7.720540990258598
cos_elem_1904,7.99541100859642,5.356351774800448
cos_elem_1762,7.983693832159043,2.816603013329711
cos_elem_2039,7.975319987535476,2.7627094091380484
euc_elem_1862,7.972049033641815,5.673719371926002
euc_elem_1348,7.939744651317596,3.176401183312691
cos_elem_138,7.930998614430427,2.826678687082072
cos_elem_1076,7.917614561319351,3.297306995287716
cos_elem_1885,7.911282336711883,4.055014200769587
euc_elem_245,7.860119557380676,6.019888264778085
euc_elem_2421,7.855342364311218,3.5443230021650103
euc_elem_1362,7.8524940490722654,2.453201025565217
cos_elem_1821,7.826709425449371,6.101889912427884
euc_elem_1224,7.816306346654892,3.4397145654832175
euc_elem_1315,7.808234021067619,7.029399639999704
euc_elem_930,7.797512131929397,4.122505327117209
euc_elem_337,7.792461681365967,1.7150838452195145
euc_elem_155,7.782100474834442,1.4203364962040153
cos_elem_1307,7.781472182273864,5.9205896697176055
euc_elem_3074,7.7568790197372435,3.0615436287305333
cos_elem_2632,7.745011562108994,4.092289140847801
cos_elem_504,7.725394231081009,6.700903050956549
cos_elem_1859,7.724099349975586,4.427696812335115
cos_elem_3315,7.70762026309967,2.9001653995068652
cos_elem_2823,7.625349909067154,3.4724511965582514
cos_elem_2305,7.559775066375733,4.652415544788174
euc_elem_2645,7.530471408367157,3.712378439900893
cos_elem_930,7.505336606502533,4.602509132556276
euc_elem_1180,7.496487259864807,3.11523098909847
cos_elem_2095,7.495640593767166,5.248565363920791
cos_elem_190,7.484277367591858,2.3145243894999914
cos_elem_938,7.472163021564484,2.971827133368199
euc_elem_2309,7.459681794047356,2.003522630429085
euc_elem_1133,7.437828773260117,6.682707512260084
euc_elem_1352,7.417211389541626,2.4099745352441633
cos_elem_168,7.379458940029144,2.0570158203037425
euc_elem_1350,7.369621980190277,3.8212104637998583
euc_elem_1112,7.3483032315969465,4.720122228621442
cos_elem_1283,7.317127585411072,2.8354408955998336
euc_elem_718,7.3058569699525835,3.2639976911522526
cos_elem_2063,7.305398213863373,4.082525042120356
cos_elem_2951,7.203231650590896,3.0003041084337596
euc_elem_2770,7.156379556655883,3.736998166024274
cos_elem_1354,7.1343885734677315,3.4695788130986873
cos_elem_2531,7.1302064001560215,2.684902365600502
euc_elem_2605,7.120400553941726,4.702392069676841
euc_elem_2159,7.036849965155125,3.103989666230646
cos_elem_1395,7.030788838863373,5.552810839853255
cos_elem_1070,6.943482160568237,3.3067184554908957
cos_elem_1743,6.940712660551071,1.7891436706468322
cos_elem_178,6.919493782520294,3.519254620541818
cos_elem_1186,6.897661572694778,5.450044253960612
cos_elem_2356,6.76214953660965,3.0736503520258327
cos_elem_3040,6.747322577238083,4.506648998223331
cos_elem_2490,6.723110014200211,4.057232027737353
cos_elem_1222,6.71448900103569,3.4421271592852394
cos_elem_1771,6.705797380208969,3.1406863775322704
cos_elem_2048,6.5515451669693,4.923341609584844
euc_elem_424,6.531871557235718,3.493695110966145
cos_elem_2922,6.526549088954925,3.4626534279686116
cos_elem_212,6.520515596866607,4.017695068972888
euc_elem_2507,6.476319819688797,3.0154722492643793
cos_elem_2873,6.3223772048950195,3.939255594387956
cos_elem_394,6.290139001607895,3.6351879264395017
euc_elem_1379,6.288326010107994,4.007058430344377
cos_elem_896,6.277366608381271,1.8727128626874516
cos_elem_3140,6.270761668682098,2.6926248409974067
euc_elem_1347,6.263354182243347,1.9274521697454607
cos_elem_1917,6.243057188391686,4.01122091993146
euc_elem_2573,6.239945656061172,5.0598896527707655
euc_elem_1505,6.205902832746506,2.027706170301877
cos_elem_3298,6.20516984462738,4.41215497688317
cos_elem_1271,6.171423226594925,1.3514008210288144
cos_elem_1737,6.083857586979866,2.8552187241659652
euc_elem_612,6.076569837331772,5.190454080316333
cos_elem_1133,5.993077820539474,3.7327066310407875
cos_elem_2373,5.962235400080681,4.431744170904422
euc_elem_2425,5.90802401304245,1.6173679726758923
cos_elem_2338,5.846460020542144,2.2220343552487334
euc_elem_263,5.752977392077446,7.013282740310087
cos_elem_86,5.723169404268265,3.7005333060037517
cos_elem_2431,5.640686851739884,2.8873922777164767
euc_elem_1137,5.598092800378799,3.1313073416814623
cos_elem_1137,5.4170138239860535,4.660024341438818
cos_elem_3009,5.323244804143906,2.694132904813225
cos_elem_948,5.321753433346748,2.8630673392385315
cos_elem_2507,5.319875037670135,4.173663116329609
euc_elem_1141,5.290167820453644,3.411726957859533
cos_elem_664,5.243996405601502,2.7759861399563293
cos_elem_2153,5.221498221158981,1.8962414670332577
cos_elem_201,5.048577582836151,5.338969546399047
cos_elem_142,5.0005353659391405,1.61995013473067
euc_elem_2255,4.986272811889648,2.6053881403382286
euc_elem_443,4.674456411600113,2.6757951545956495
cos_elem_1572,4.63004480600357,4.303047390328313
cos_elem_2770,4.141796642541886,1.8101942275068765
euc_elem_185,3.952999997138977,2.0225100821124635
euc_elem_2338,3.7436889678239824,2.4826300028471815
cos_elem_1111,3.66238157749176,2.538401480688691
euc_elem_1353,3.5262030184268953,1.7794863954743754
