compound,inchikey
a22,LZTCFLDZLBOLDW-UHFFFAOYSA-N
acetylsalicylic acid,BSYNRYMUTXBXSQ-UHFFFAOYSA-N
amikacin,LKCWBDHBTVXHDL-RMDFUYIESA-N
amoxicillin,LSQZJLSUYDQPKJ-NJBDSQKTSA-N
auranofin,AUJRCFUBUPVWSZ-XTZHGVARSA-M
azithromycin,MQTOSJVFKKJCRP-BICOPXKESA-N
aztreonam,WZPBZJONDBGPKJ-VEHQQRBSSA-N
bacitracin,CLKOFPXJLQSYAH-ABRJDSQDSA-N
benzalkonium,VVZBFOKBSDGVGZ-UHFFFAOYSA-N
benzbromarone,WHQCHUCQKNIQEC-UHFFFAOYSA-N
berberine,YBHILYKTIRIUTE-UHFFFAOYSA-N
bleomycin,OYVAGSVQBOHSSS-WXFSZRTFSA-O
caffeine,RYYVLZVUVIJVGH-UHFFFAOYSA-N
cccp,UGTJLJZQQFGTJD-UHFFFAOYSA-N
cefaclor,QYIYFLOTGYLRGG-GPCCPHFNSA-N
cefepime,HVFLCNVBZFFHBT-ZKDACBOMSA-N
cefotaxime,GPRBEKHLDVQUJE-QSWIMTSFSA-N
cefsulodin,SYLKGLMBLAAGSC-QLVMHMETSA-N
cefuroxime,JFPVXVDWJQMJEE-IZRZKJBUSA-N
celecoxib,RZEKVGVHFLEQIL-UHFFFAOYSA-N
cephalexin,ZAIPMKNFIOOWCQ-UEKVPHQBSA-N
chir-90,FQYBTYFKOHPWQT-VGSWGCGISA-N
chloramphenicol,WIIZWVCIJKGZOK-RKDXNWHRSA-N
chlorhexidine,GHXZTYHSJHQHIJ-UHFFFAOYSA-N
chlorpromazine,ZPEIMTDSQAKGNT-UHFFFAOYSA-N
ciclopirox,SCKYRAXSEDYPSA-UHFFFAOYSA-N
ciprofloxacin,MYSWGUAQZAJSOK-UHFFFAOYSA-N
clarithromycin,AGOYDEPGAOXOCK-KCBOHYOISA-N
clindamycin,KDLRVYVGXIQJDK-AWPVFWJPSA-N
clofazimine,WDQPAMHFFCXSNU-UHFFFAOYSA-N
clomiphene,GKIRPKYJQBWNGO-UHFFFAOYSA-N
colistin,YKQOSKADJPQZHB-RGYSVOEGSA-N
curcumin,VFLDPWHFBUODDF-FCXRPNKRSA-N
cycloserine d,DYDCUQKUCUHJBH-UWTATZPHSA-N
daptomycin,DOAKLVKFURWEDJ-QCMAZARJSA-N
diacerein,TYNLGDBUJLVSMA-UHFFFAOYSA-N
diclofenac,DCOPUUMXTXDBNB-UHFFFAOYSA-N
diflunisal,HUPFGZXOMWLGNK-UHFFFAOYSA-N
doxorubicin,AOJJSUZBOXZQNB-TZSSRYMLSA-N
egcg,WMBWREPUVVBILR-WIYYLYMNSA-N
erythromycin,ULGZDMOVFRHVEP-RWJQBGPGSA-N
estradiol,VOXZDWNPVJITMN-ZBRFXRBCSA-N
fluorouracil,GHASVSINZRGABV-UHFFFAOYSA-N
fosfomycin,YMDXZJFXQJVXBF-STHAYSLISA-N
fusidic acid,IECPWNUMDGFDKC-MZJAQBGESA-N
gefitinib,XGALLCVXEZPNRQ-UHFFFAOYSA-N
gentamicin,CEAZRRDELHUEMR-UHFFFAOYSA-N
hexestrol,PBBGSZCBWVPOOL-HDICACEKSA-N
ibuprofen,HEFNNWSXXWATRW-UHFFFAOYSA-N
imipenem,ZSKVGTPCRGIANV-ZXFLCMHBSA-N
levofloxacin,GSDSWSVVBLHKDQ-JTQLQIEISA-N
lincomycin,OJMMVQQUTAEWLP-KIDUDLJLSA-N
linezolid,TYZROVQLWOKYKF-ZDUSSCGKSA-N
loxapine,XJGVXQDUIWGIRW-UHFFFAOYSA-N
mecillinam,BWWVAEOLVKTZFQ-NTZNESFSSA-N
meropenem,DMJNNHOOLUXYBV-PQTSNVLCSA-N
metformin,XZWYZXLIPXDOLR-UHFFFAOYSA-N
methotrexate,FBOZXECLQNJBKD-ZDUSSCGKSA-N
metronidazole,VAOCPAMSLUNLGC-UHFFFAOYSA-N
miconazole,BYBLEWFAAKGYCD-UHFFFAOYSA-N
minocycline,WTJXVDPDEQKTCV-VQAITOIOSA-N
mitomycin c,NWIBSHFKIJFRCO-WUDYKRTCSA-N
moxifloxacin,FABPRXSRWADJSP-MEDUHNTESA-N
nitrofurantoin,NXFQHRVNIOXGAQ-YCRREMRBSA-N
nonactin,RMIXHJPMNBXMBU-QIIXEHPYSA-N
novobiocin,YJQPYGGHQPGBLI-KGSXXDOSSA-N
omeprazole,KWORUUGOSLYAGD-UHFFFAOYSA-N
oritavancin,VHFGEBVPHAGQPI-LXKZPTCJSA-N
oxacillin,UWYHMGVUTGAWSP-JKIFEVAISA-N
penicillin g,JGSARLDLIJGVTE-MBNYWOFBSA-N
piperacillin,IVBHGBMCVLDMKU-GXNBUGAJSA-N
polymyxin b,WQVJHHACXVLGBL-BPJDFBQWSA-N
procaine,MFDFERRIHVXMIY-UHFFFAOYSA-N
promethazine,PWWVAXIEGOYWEE-UHFFFAOYSA-N
pseudomonic acid,MINDHVHHQZYEEK-HBBNESRFSA-N
puromycin,RXWNCPJZOCPEPQ-NVWDDTSBSA-N
pyocyanin,YNCMLFHHXWETLD-UHFFFAOYSA-N
rifampicin,JQXXHWHPUNPDRT-WLSIYKJHSA-N
spectinomycin,UNFWWIHTNXNPBV-WXKVUWSESA-N
spiramycin,ACTOXUHEUCPTEW-CEUOBAOPSA-N
streptomycin,UCSJYZPVAKXKNQ-HZYVHMACSA-N
streptozotocin,ZSJLQEPLLKMAKR-GKHCUFPYSA-N
sulfamethoxazol,JLKIGFTWXXRPMT-UHFFFAOYSA-N
sulfamonomethoxine,WMPXPUYPYQKQCX-UHFFFAOYSA-N
tamoxifene,NKANXQFJJICGDU-QPLCGJKRSA-N
tedizolid,XFALPSLJIHVRKE-GFCCVEGCSA-N
teicoplanin,BJNLLBUOHPVGFT-CAYRISATSA-N
telithromycin,LJVAJPDWBABPEJ-PNUFFHFMSA-N
thymol,MGSRCZKZVOBKFT-UHFFFAOYSA-N
ticagrelor,OEKWJQXRCDYSHL-FNOIDJSQSA-N
tobramycin,NLVFBUXFDBBNBW-PBSUHMDJSA-N
tolfenamic,YEZNLOUZAIOMLT-UHFFFAOYSA-N
triclosan,XEFQLINVKFYRCS-UHFFFAOYSA-N
trimethoprim,IEDVJHCEMCRBQM-UHFFFAOYSA-N
vancomycin,MYPYJXKWCTUITO-LYRMYLQWSA-N
vanillin,MWOOGOJBHIARFG-UHFFFAOYSA-N
virginiamycin m1,DAIKHDNSXMZDCU-FQTGFAPKSA-N
